"country","Transaction type","year","month","Value US$bn","monthname","yyyymm","Organisation type"
"African Development Bank Group","Commitments",2020,12,0.350633578041239,"Dec","Dec-2020","IFI"
"African Development Bank Group","Commitments",2021,1,0,"Jan","Jan-2021","IFI"
"African Development Bank Group","Commitments",2021,2,0,"Feb","Feb-2021","IFI"
"African Development Bank Group","Commitments",2021,3,0,"Mar","Mar-2021","IFI"
"African Development Bank Group","Commitments",2021,4,0,"Apr","Apr-2021","IFI"
"African Development Bank Group","Commitments",2021,5,0,"May","May-2021","IFI"
"African Development Bank Group","Commitments",2021,6,0,"Jun","Jun-2021","IFI"
"African Development Bank Group","Commitments",2021,7,0,"Jul","Jul-2021","IFI"
"African Development Bank Group","Commitments",2021,8,0,"Aug","Aug-2021","IFI"
"African Development Bank Group","Commitments",2021,9,0,"Sep","Sep-2021","IFI"
"African Development Bank Group","Commitments",2021,10,0,"Oct","Oct-2021","IFI"
"African Development Bank Group","Commitments",2021,11,0,"Nov","Nov-2021","IFI"
"African Development Bank Group","Disbursements",2020,12,0.812765852918432,"Dec","Dec-2020","IFI"
"African Development Bank Group","Disbursements",2021,1,0,"Jan","Jan-2021","IFI"
"African Development Bank Group","Disbursements",2021,2,0,"Feb","Feb-2021","IFI"
"African Development Bank Group","Disbursements",2021,3,0,"Mar","Mar-2021","IFI"
"African Development Bank Group","Disbursements",2021,4,0,"Apr","Apr-2021","IFI"
"African Development Bank Group","Disbursements",2021,5,0,"May","May-2021","IFI"
"African Development Bank Group","Disbursements",2021,6,0,"Jun","Jun-2021","IFI"
"African Development Bank Group","Disbursements",2021,7,0,"Jul","Jul-2021","IFI"
"African Development Bank Group","Disbursements",2021,8,0,"Aug","Aug-2021","IFI"
"African Development Bank Group","Disbursements",2021,9,0,"Sep","Sep-2021","IFI"
"African Development Bank Group","Disbursements",2021,10,0,"Oct","Oct-2021","IFI"
"African Development Bank Group","Disbursements",2021,11,0,"Nov","Nov-2021","IFI"
"Asian Development Bank","Commitments",2020,12,5.6740515922041,"Dec","Dec-2020","IFI"
"Asian Development Bank","Commitments",2021,1,0.065,"Jan","Jan-2021","IFI"
"Asian Development Bank","Commitments",2021,2,0.15,"Feb","Feb-2021","IFI"
"Asian Development Bank","Commitments",2021,3,0.97,"Mar","Mar-2021","IFI"
"Asian Development Bank","Commitments",2021,4,0.1,"Apr","Apr-2021","IFI"
"Asian Development Bank","Commitments",2021,5,0.682,"May","May-2021","IFI"
"Asian Development Bank","Commitments",2021,6,0.00638,"Jun","Jun-2021","IFI"
"Asian Development Bank","Commitments",2021,7,0,"Jul","Jul-2021","IFI"
"Asian Development Bank","Commitments",2021,8,1.188,"Aug","Aug-2021","IFI"
"Asian Development Bank","Commitments",2021,9,0.04,"Sep","Sep-2021","IFI"
"Asian Development Bank","Commitments",2021,10,1.0605,"Oct","Oct-2021","IFI"
"Asian Development Bank","Commitments",2021,11,0.94,"Nov","Nov-2021","IFI"
"Asian Development Bank","Disbursements",2020,12,4.93190698219983,"Dec","Dec-2020","IFI"
"Asian Development Bank","Disbursements",2021,1,1.18287901437,"Jan","Jan-2021","IFI"
"Asian Development Bank","Disbursements",2021,2,1.00062601022,"Feb","Feb-2021","IFI"
"Asian Development Bank","Disbursements",2021,3,1.43864519101,"Mar","Mar-2021","IFI"
"Asian Development Bank","Disbursements",2021,4,1.00011358474,"Apr","Apr-2021","IFI"
"Asian Development Bank","Disbursements",2021,5,0.50851635656,"May","May-2021","IFI"
"Asian Development Bank","Disbursements",2021,6,1.0770018625,"Jun","Jun-2021","IFI"
"Asian Development Bank","Disbursements",2021,7,0.92439430511,"Jul","Jul-2021","IFI"
"Asian Development Bank","Disbursements",2021,8,0.75668802636,"Aug","Aug-2021","IFI"
"Asian Development Bank","Disbursements",2021,9,1.52605587416,"Sep","Sep-2021","IFI"
"Asian Development Bank","Disbursements",2021,10,0.75149027352,"Oct","Oct-2021","IFI"
"Asian Development Bank","Disbursements",2021,11,1.49722991886,"Nov","Nov-2021","IFI"
"Australia","Disbursements",2020,12,0,"Dec","Dec-2020","Bilateral"
"Australia","Disbursements",2021,1,0,"Jan","Jan-2021","Bilateral"
"Australia","Disbursements",2021,2,0,"Feb","Feb-2021","Bilateral"
"Australia","Disbursements",2021,3,0,"Mar","Mar-2021","Bilateral"
"Australia","Disbursements",2021,4,0,"Apr","Apr-2021","Bilateral"
"Australia","Disbursements",2021,5,0,"May","May-2021","Bilateral"
"Australia","Disbursements",2021,6,0,"Jun","Jun-2021","Bilateral"
"Australia","Disbursements",2021,7,0,"Jul","Jul-2021","Bilateral"
"Australia","Disbursements",2021,8,0,"Aug","Aug-2021","Bilateral"
"Australia","Disbursements",2021,9,0,"Sep","Sep-2021","Bilateral"
"Australia","Disbursements",2021,10,0,"Oct","Oct-2021","Bilateral"
"Australia","Disbursements",2021,11,0,"Nov","Nov-2021","Bilateral"
"Belgium","Commitments",2020,12,0.42057356993334,"Dec","Dec-2020","Bilateral"
"Belgium","Commitments",2021,1,0.692765678024757,"Jan","Jan-2021","Bilateral"
"Belgium","Commitments",2021,2,0.617895012638646,"Feb","Feb-2021","Bilateral"
"Belgium","Commitments",2021,3,0.05544578386782,"Mar","Mar-2021","Bilateral"
"Belgium","Commitments",2021,4,0.929448792829053,"Apr","Apr-2021","Bilateral"
"Belgium","Commitments",2021,5,0.388960361264673,"May","May-2021","Bilateral"
"Belgium","Commitments",2021,6,0.067159161515475,"Jun","Jun-2021","Bilateral"
"Belgium","Commitments",2021,7,0.584099434813905,"Jul","Jul-2021","Bilateral"
"Belgium","Commitments",2021,8,0.015572134496781,"Aug","Aug-2021","Bilateral"
"Belgium","Commitments",2021,9,0.090797919285771,"Sep","Sep-2021","Bilateral"
"Belgium","Commitments",2021,10,0.260644325735223,"Oct","Oct-2021","Bilateral"
"Belgium","Commitments",2021,11,0.201298294206135,"Nov","Nov-2021","Bilateral"
"Belgium","Disbursements",2020,12,0.174662626691655,"Dec","Dec-2020","Bilateral"
"Belgium","Disbursements",2021,1,0.109379403135027,"Jan","Jan-2021","Bilateral"
"Belgium","Disbursements",2021,2,0.151814479676688,"Feb","Feb-2021","Bilateral"
"Belgium","Disbursements",2021,3,0.171223478648019,"Mar","Mar-2021","Bilateral"
"Belgium","Disbursements",2021,4,0.08208591581205,"Apr","Apr-2021","Bilateral"
"Belgium","Disbursements",2021,5,0.057790428628635,"May","May-2021","Bilateral"
"Belgium","Disbursements",2021,6,0.16957927683414,"Jun","Jun-2021","Bilateral"
"Belgium","Disbursements",2021,7,0.056359238307525,"Jul","Jul-2021","Bilateral"
"Belgium","Disbursements",2021,8,0.021105834234885,"Aug","Aug-2021","Bilateral"
"Belgium","Disbursements",2021,9,0.130259107130022,"Sep","Sep-2021","Bilateral"
"Belgium","Disbursements",2021,10,0.076899971754621,"Oct","Oct-2021","Bilateral"
"Belgium","Disbursements",2021,11,0.150534656922249,"Nov","Nov-2021","Bilateral"
"Canada","Commitments",2020,12,0.0276791071688,"Dec","Dec-2020","Bilateral"
"Canada","Commitments",2021,1,0.056738500437894,"Jan","Jan-2021","Bilateral"
"Canada","Commitments",2021,2,0.051758045335863,"Feb","Feb-2021","Bilateral"
"Canada","Commitments",2021,3,1.06760672082792,"Mar","Mar-2021","Bilateral"
"Canada","Commitments",2021,4,0.062041393029,"Apr","Apr-2021","Bilateral"
"Canada","Commitments",2021,5,0.034352676195,"May","May-2021","Bilateral"
"Canada","Commitments",2021,6,0.026717727722166,"Jun","Jun-2021","Bilateral"
"Canada","Commitments",2021,7,0.0967504816986,"Jul","Jul-2021","Bilateral"
"Canada","Commitments",2021,8,0.0402888681666,"Aug","Aug-2021","Bilateral"
"Canada","Commitments",2021,9,0.1029252648726,"Sep","Sep-2021","Bilateral"
"Canada","Commitments",2021,10,0.0917313486096,"Oct","Oct-2021","Bilateral"
"Canada","Commitments",2021,11,0.0232965656952,"Nov","Nov-2021","Bilateral"
"Canada","Disbursements",2020,12,0.135313019868076,"Dec","Dec-2020","Bilateral"
"Canada","Disbursements",2021,1,0.220344852246174,"Jan","Jan-2021","Bilateral"
"Canada","Disbursements",2021,2,0.171997164506316,"Feb","Feb-2021","Bilateral"
"Canada","Disbursements",2021,3,1.07631450428801,"Mar","Mar-2021","Bilateral"
"Canada","Disbursements",2021,4,0.062985421310262,"Apr","Apr-2021","Bilateral"
"Canada","Disbursements",2021,5,0.086707746227319,"May","May-2021","Bilateral"
"Canada","Disbursements",2021,6,0.0910774741651349,"Jun","Jun-2021","Bilateral"
"Canada","Disbursements",2021,7,0.05126499353931,"Jul","Jul-2021","Bilateral"
"Canada","Disbursements",2021,8,0.052190907048909,"Aug","Aug-2021","Bilateral"
"Canada","Disbursements",2021,9,0.104449466238972,"Sep","Sep-2021","Bilateral"
"Canada","Disbursements",2021,10,0.060555903142338,"Oct","Oct-2021","Bilateral"
"Canada","Disbursements",2021,11,0.067072251927396,"Nov","Nov-2021","Bilateral"
"Denmark","Commitments",2020,12,0.551986590845252,"Dec","Dec-2020","Bilateral"
"Denmark","Commitments",2021,1,0.311027224902396,"Jan","Jan-2021","Bilateral"
"Denmark","Commitments",2021,2,0.1747184208444,"Feb","Feb-2021","Bilateral"
"Denmark","Commitments",2021,3,0.224089695803964,"Mar","Mar-2021","Bilateral"
"Denmark","Commitments",2021,4,0.162030550716,"Apr","Apr-2021","Bilateral"
"Denmark","Commitments",2021,5,0.0298967973564,"May","May-2021","Bilateral"
"Denmark","Commitments",2021,6,0.1848960482412,"Jun","Jun-2021","Bilateral"
"Denmark","Commitments",2021,7,0.065237153989236,"Jul","Jul-2021","Bilateral"
"Denmark","Commitments",2021,8,0.055364115078,"Aug","Aug-2021","Bilateral"
"Denmark","Commitments",2021,9,0.0897493724694,"Sep","Sep-2021","Bilateral"
"Denmark","Commitments",2021,10,0.005577675853008,"Oct","Oct-2021","Bilateral"
"Denmark","Commitments",2021,11,0.0233439693648,"Nov","Nov-2021","Bilateral"
"Denmark","Disbursements",2020,12,1.31511366424747,"Dec","Dec-2020","Bilateral"
"Denmark","Disbursements",2021,1,0.144933062626056,"Jan","Jan-2021","Bilateral"
"Denmark","Disbursements",2021,2,0.30643573113798,"Feb","Feb-2021","Bilateral"
"Denmark","Disbursements",2021,3,0.292312814461848,"Mar","Mar-2021","Bilateral"
"Denmark","Disbursements",2021,4,0.088558085262444,"Apr","Apr-2021","Bilateral"
"Denmark","Disbursements",2021,5,0.0812553003958559,"May","May-2021","Bilateral"
"Denmark","Disbursements",2021,6,0.219692671497192,"Jun","Jun-2021","Bilateral"
"Denmark","Disbursements",2021,7,0.151849562758992,"Jul","Jul-2021","Bilateral"
"Denmark","Disbursements",2021,8,0.089215502798508,"Aug","Aug-2021","Bilateral"
"Denmark","Disbursements",2021,9,0.157711700501292,"Sep","Sep-2021","Bilateral"
"Denmark","Disbursements",2021,10,0.03067868221884,"Oct","Oct-2021","Bilateral"
"Denmark","Disbursements",2021,11,0.104294742468264,"Nov","Nov-2021","Bilateral"
"European Bank for Reconstruction and Development","Commitments",2020,12,1.27415124399096,"Dec","Dec-2020","IFI"
"European Bank for Reconstruction and Development","Commitments",2021,1,0.202630968242064,"Jan","Jan-2021","IFI"
"European Bank for Reconstruction and Development","Commitments",2021,2,0.242056432460565,"Feb","Feb-2021","IFI"
"European Bank for Reconstruction and Development","Commitments",2021,3,0.646012189343862,"Mar","Mar-2021","IFI"
"European Bank for Reconstruction and Development","Commitments",2021,4,0.517655382022611,"Apr","Apr-2021","IFI"
"European Bank for Reconstruction and Development","Commitments",2021,5,0.208231737677631,"May","May-2021","IFI"
"European Bank for Reconstruction and Development","Commitments",2021,6,1.13338752936785,"Jun","Jun-2021","IFI"
"European Bank for Reconstruction and Development","Commitments",2021,7,0.862866975177036,"Jul","Jul-2021","IFI"
"European Bank for Reconstruction and Development","Commitments",2021,8,0.463512371954346,"Aug","Aug-2021","IFI"
"European Bank for Reconstruction and Development","Commitments",2021,9,0.863231197257288,"Sep","Sep-2021","IFI"
"European Bank for Reconstruction and Development","Commitments",2021,10,0.16088238625005,"Oct","Oct-2021","IFI"
"European Bank for Reconstruction and Development","Commitments",2021,11,0,"Nov","Nov-2021","IFI"
"European Bank for Reconstruction and Development","Disbursements",2020,12,0.135954952735005,"Dec","Dec-2020","IFI"
"European Bank for Reconstruction and Development","Disbursements",2021,1,0.061829425460817,"Jan","Jan-2021","IFI"
"European Bank for Reconstruction and Development","Disbursements",2021,2,0.304317103643874,"Feb","Feb-2021","IFI"
"European Bank for Reconstruction and Development","Disbursements",2021,3,0.159199147572111,"Mar","Mar-2021","IFI"
"European Bank for Reconstruction and Development","Disbursements",2021,4,0.184184288200224,"Apr","Apr-2021","IFI"
"European Bank for Reconstruction and Development","Disbursements",2021,5,0.029066510743002,"May","May-2021","IFI"
"European Bank for Reconstruction and Development","Disbursements",2021,6,0.098456117872914,"Jun","Jun-2021","IFI"
"European Bank for Reconstruction and Development","Disbursements",2021,7,0.099365518242504,"Jul","Jul-2021","IFI"
"European Bank for Reconstruction and Development","Disbursements",2021,8,0.083658995973882,"Aug","Aug-2021","IFI"
"European Bank for Reconstruction and Development","Disbursements",2021,9,0.069972090568461,"Sep","Sep-2021","IFI"
"European Bank for Reconstruction and Development","Disbursements",2021,10,0.091359303221349,"Oct","Oct-2021","IFI"
"European Bank for Reconstruction and Development","Disbursements",2021,11,0,"Nov","Nov-2021","IFI"
"European Commission","Commitments",2020,12,6.41549699344913,"Dec","Dec-2020","Bilateral"
"European Commission","Commitments",2021,1,0.0712719,"Jan","Jan-2021","Bilateral"
"European Commission","Commitments",2021,2,0.539267587868385,"Feb","Feb-2021","Bilateral"
"European Commission","Commitments",2021,3,0.697765218708852,"Mar","Mar-2021","Bilateral"
"European Commission","Commitments",2021,4,0.435146476271224,"Apr","Apr-2021","Bilateral"
"European Commission","Commitments",2021,5,1.31854813274091,"May","May-2021","Bilateral"
"European Commission","Commitments",2021,6,1.3484646121882,"Jun","Jun-2021","Bilateral"
"European Commission","Commitments",2021,7,0.507750935082085,"Jul","Jul-2021","Bilateral"
"European Commission","Commitments",2021,8,0.275777745474591,"Aug","Aug-2021","Bilateral"
"European Commission","Commitments",2021,9,0.305379137968668,"Sep","Sep-2021","Bilateral"
"European Commission","Commitments",2021,10,0.752354633861026,"Oct","Oct-2021","Bilateral"
"European Commission","Commitments",2021,11,1.09376603103847,"Nov","Nov-2021","Bilateral"
"European Commission","Disbursements",2020,12,1.29219775492842,"Dec","Dec-2020","Bilateral"
"European Commission","Disbursements",2021,1,0.464449540930911,"Jan","Jan-2021","Bilateral"
"European Commission","Disbursements",2021,2,0.346158984263652,"Feb","Feb-2021","Bilateral"
"European Commission","Disbursements",2021,3,0.433722787863651,"Mar","Mar-2021","Bilateral"
"European Commission","Disbursements",2021,4,0.259854684817572,"Apr","Apr-2021","Bilateral"
"European Commission","Disbursements",2021,5,0.494774381097225,"May","May-2021","Bilateral"
"European Commission","Disbursements",2021,6,0.651557820461859,"Jun","Jun-2021","Bilateral"
"European Commission","Disbursements",2021,7,0.82735951707711,"Jul","Jul-2021","Bilateral"
"European Commission","Disbursements",2021,8,0.612025812411759,"Aug","Aug-2021","Bilateral"
"European Commission","Disbursements",2021,9,0.390031644532617,"Sep","Sep-2021","Bilateral"
"European Commission","Disbursements",2021,10,0.679936016223819,"Oct","Oct-2021","Bilateral"
"European Commission","Disbursements",2021,11,0.645550921215909,"Nov","Nov-2021","Bilateral"
"Finland","Disbursements",2020,12,0.85043750211922,"Dec","Dec-2020","Bilateral"
"Finland","Disbursements",2021,1,0.10435086164331,"Jan","Jan-2021","Bilateral"
"Finland","Disbursements",2021,2,0.037800924421248,"Feb","Feb-2021","Bilateral"
"Finland","Disbursements",2021,3,0.021794158933794,"Mar","Mar-2021","Bilateral"
"Finland","Disbursements",2021,4,0.03405829852638,"Apr","Apr-2021","Bilateral"
"Finland","Disbursements",2021,5,0.06005027317779,"May","May-2021","Bilateral"
"Finland","Disbursements",2021,6,0.058474835613018,"Jun","Jun-2021","Bilateral"
"Finland","Disbursements",2021,7,0.02939839067583,"Jul","Jul-2021","Bilateral"
"Finland","Disbursements",2021,8,0.0232831959273,"Aug","Aug-2021","Bilateral"
"Finland","Disbursements",2021,9,0.060344558823753,"Sep","Sep-2021","Bilateral"
"Finland","Disbursements",2021,10,0.075106392398649,"Oct","Oct-2021","Bilateral"
"Finland","Disbursements",2021,11,0.124885462697748,"Nov","Nov-2021","Bilateral"
"Germany","Commitments",2020,12,3.72805882419181,"Dec","Dec-2020","Bilateral"
"Germany","Commitments",2021,1,0.615974786261275,"Jan","Jan-2021","Bilateral"
"Germany","Commitments",2021,2,0.422969146656384,"Feb","Feb-2021","Bilateral"
"Germany","Commitments",2021,3,0.30865463607786,"Mar","Mar-2021","Bilateral"
"Germany","Commitments",2021,4,0.479253153277354,"Apr","Apr-2021","Bilateral"
"Germany","Commitments",2021,5,0.258048469542006,"May","May-2021","Bilateral"
"Germany","Commitments",2021,6,0.57937994525665,"Jun","Jun-2021","Bilateral"
"Germany","Commitments",2021,7,0.636263207215731,"Jul","Jul-2021","Bilateral"
"Germany","Commitments",2021,8,0.446933633690698,"Aug","Aug-2021","Bilateral"
"Germany","Commitments",2021,9,0.547037431933123,"Sep","Sep-2021","Bilateral"
"Germany","Commitments",2021,10,0.654101768625506,"Oct","Oct-2021","Bilateral"
"Germany","Commitments",2021,11,0.98390233543785,"Nov","Nov-2021","Bilateral"
"Germany","Disbursements",2020,12,0.359565621685443,"Dec","Dec-2020","Bilateral"
"Germany","Disbursements",2021,1,0.186059652583994,"Jan","Jan-2021","Bilateral"
"Germany","Disbursements",2021,2,0.112165416555218,"Feb","Feb-2021","Bilateral"
"Germany","Disbursements",2021,3,0.171501960713233,"Mar","Mar-2021","Bilateral"
"Germany","Disbursements",2021,4,0.136679845157788,"Apr","Apr-2021","Bilateral"
"Germany","Disbursements",2021,5,0.137570170537344,"May","May-2021","Bilateral"
"Germany","Disbursements",2021,6,0.0960138648383907,"Jun","Jun-2021","Bilateral"
"Germany","Disbursements",2021,7,0.287789288709194,"Jul","Jul-2021","Bilateral"
"Germany","Disbursements",2021,8,0.29866766873331,"Aug","Aug-2021","Bilateral"
"Germany","Disbursements",2021,9,0.194367865697446,"Sep","Sep-2021","Bilateral"
"Germany","Disbursements",2021,10,0.169411292317316,"Oct","Oct-2021","Bilateral"
"Germany","Disbursements",2021,11,0.613635960550056,"Nov","Nov-2021","Bilateral"
"Global Fund","Commitments",2020,12,1.18998000639,"Dec","Dec-2020","Multilateral"
"Global Fund","Commitments",2021,1,2.01132561878,"Jan","Jan-2021","Multilateral"
"Global Fund","Commitments",2021,2,0.52964571023,"Feb","Feb-2021","Multilateral"
"Global Fund","Commitments",2021,3,0.52468585387,"Mar","Mar-2021","Multilateral"
"Global Fund","Commitments",2021,4,0.19536085271,"Apr","Apr-2021","Multilateral"
"Global Fund","Commitments",2021,5,0.26897022714,"May","May-2021","Multilateral"
"Global Fund","Commitments",2021,6,0.30145234993,"Jun","Jun-2021","Multilateral"
"Global Fund","Commitments",2021,7,0.57338383224,"Jul","Jul-2021","Multilateral"
"Global Fund","Commitments",2021,8,0.6196581511,"Aug","Aug-2021","Multilateral"
"Global Fund","Commitments",2021,9,0.43290892402,"Sep","Sep-2021","Multilateral"
"Global Fund","Commitments",2021,10,0.23994516691,"Oct","Oct-2021","Multilateral"
"Global Fund","Commitments",2021,11,0.372328111530001,"Nov","Nov-2021","Multilateral"
"Global Fund","Disbursements",2020,12,0.476515201739999,"Dec","Dec-2020","Multilateral"
"Global Fund","Disbursements",2021,1,0.57899337516,"Jan","Jan-2021","Multilateral"
"Global Fund","Disbursements",2021,2,0.22075558561,"Feb","Feb-2021","Multilateral"
"Global Fund","Disbursements",2021,3,0.29705887335,"Mar","Mar-2021","Multilateral"
"Global Fund","Disbursements",2021,4,0.34884482367,"Apr","Apr-2021","Multilateral"
"Global Fund","Disbursements",2021,5,0.18477078252,"May","May-2021","Multilateral"
"Global Fund","Disbursements",2021,6,0.479038619799999,"Jun","Jun-2021","Multilateral"
"Global Fund","Disbursements",2021,7,0.53557439518,"Jul","Jul-2021","Multilateral"
"Global Fund","Disbursements",2021,8,0.39139900097,"Aug","Aug-2021","Multilateral"
"Global Fund","Disbursements",2021,9,0.36595377769,"Sep","Sep-2021","Multilateral"
"Global Fund","Disbursements",2021,10,0.567610871490001,"Oct","Oct-2021","Multilateral"
"Global Fund","Disbursements",2021,11,0.4028178721,"Nov","Nov-2021","Multilateral"
"Inter-American Development Bank","Commitments",2020,12,1.166847626,"Dec","Dec-2020","IFI"
"Inter-American Development Bank","Commitments",2021,1,0,"Jan","Jan-2021","IFI"
"Inter-American Development Bank","Commitments",2021,2,0,"Feb","Feb-2021","IFI"
"Inter-American Development Bank","Commitments",2021,3,0.32286274,"Mar","Mar-2021","IFI"
"Inter-American Development Bank","Commitments",2021,4,0.2843,"Apr","Apr-2021","IFI"
"Inter-American Development Bank","Commitments",2021,5,0.74,"May","May-2021","IFI"
"Inter-American Development Bank","Commitments",2021,6,1.12,"Jun","Jun-2021","IFI"
"Inter-American Development Bank","Commitments",2021,7,0.904,"Jul","Jul-2021","IFI"
"Inter-American Development Bank","Commitments",2021,8,0.295,"Aug","Aug-2021","IFI"
"Inter-American Development Bank","Commitments",2021,9,0,"Sep","Sep-2021","IFI"
"Inter-American Development Bank","Commitments",2021,10,0,"Oct","Oct-2021","IFI"
"Inter-American Development Bank","Commitments",2021,11,0.3,"Nov","Nov-2021","IFI"
"Inter-American Development Bank","Disbursements",2020,12,3.405100126,"Dec","Dec-2020","IFI"
"Inter-American Development Bank","Disbursements",2021,1,0.925410035,"Jan","Jan-2021","IFI"
"Inter-American Development Bank","Disbursements",2021,2,0.112259993,"Feb","Feb-2021","IFI"
"Inter-American Development Bank","Disbursements",2021,3,0.581313382,"Mar","Mar-2021","IFI"
"Inter-American Development Bank","Disbursements",2021,4,0.390800363,"Apr","Apr-2021","IFI"
"Inter-American Development Bank","Disbursements",2021,5,0.184585005,"May","May-2021","IFI"
"Inter-American Development Bank","Disbursements",2021,6,1.982950572,"Jun","Jun-2021","IFI"
"Inter-American Development Bank","Disbursements",2021,7,0.191161101,"Jul","Jul-2021","IFI"
"Inter-American Development Bank","Disbursements",2021,8,0.345981372,"Aug","Aug-2021","IFI"
"Inter-American Development Bank","Disbursements",2021,9,1.355165718,"Sep","Sep-2021","IFI"
"Inter-American Development Bank","Disbursements",2021,10,0.505737944,"Oct","Oct-2021","IFI"
"Inter-American Development Bank","Disbursements",2021,11,1.5826666,"Nov","Nov-2021","IFI"
"International Committee of the Red Cross","Disbursements",2020,12,0.283702682452304,"Dec","Dec-2020","Multilateral"
"International Committee of the Red Cross","Disbursements",2021,1,0.117078600716307,"Jan","Jan-2021","Multilateral"
"International Committee of the Red Cross","Disbursements",2021,2,0.142402321556599,"Feb","Feb-2021","Multilateral"
"International Committee of the Red Cross","Disbursements",2021,3,0.157374637163516,"Mar","Mar-2021","Multilateral"
"International Committee of the Red Cross","Disbursements",2021,4,0.156226630339148,"Apr","Apr-2021","Multilateral"
"International Committee of the Red Cross","Disbursements",2021,5,0.156436770889218,"May","May-2021","Multilateral"
"International Committee of the Red Cross","Disbursements",2021,6,0.173888236682081,"Jun","Jun-2021","Multilateral"
"International Committee of the Red Cross","Disbursements",2021,7,0.171118853376642,"Jul","Jul-2021","Multilateral"
"International Committee of the Red Cross","Disbursements",2021,8,0.161546878536626,"Aug","Aug-2021","Multilateral"
"International Committee of the Red Cross","Disbursements",2021,9,0.175706521064123,"Sep","Sep-2021","Multilateral"
"International Committee of the Red Cross","Disbursements",2021,10,0.176963830044003,"Oct","Oct-2021","Multilateral"
"International Committee of the Red Cross","Disbursements",2021,11,0,"Nov","Nov-2021","Multilateral"
"International Finance Corporation","Commitments",2020,12,1.46596,"Dec","Dec-2020","IFI"
"International Finance Corporation","Commitments",2021,1,0.83846,"Jan","Jan-2021","IFI"
"International Finance Corporation","Commitments",2021,2,1.22716,"Feb","Feb-2021","IFI"
"International Finance Corporation","Commitments",2021,3,2.12112,"Mar","Mar-2021","IFI"
"International Finance Corporation","Commitments",2021,4,1.02361,"Apr","Apr-2021","IFI"
"International Finance Corporation","Commitments",2021,5,1.37153,"May","May-2021","IFI"
"International Finance Corporation","Commitments",2021,6,4.30943,"Jun","Jun-2021","IFI"
"International Finance Corporation","Commitments",2021,7,0.17172,"Jul","Jul-2021","IFI"
"International Finance Corporation","Commitments",2021,8,0.14432,"Aug","Aug-2021","IFI"
"International Finance Corporation","Commitments",2021,9,0.95013,"Sep","Sep-2021","IFI"
"International Finance Corporation","Commitments",2021,10,0.34317,"Oct","Oct-2021","IFI"
"International Finance Corporation","Commitments",2021,11,0.26703,"Nov","Nov-2021","IFI"
"International Fund for Agricultural Development","Disbursements",2020,12,0.110489945838866,"Dec","Dec-2020","Multilateral"
"International Fund for Agricultural Development","Disbursements",2021,1,0.048325033986936,"Jan","Jan-2021","Multilateral"
"International Fund for Agricultural Development","Disbursements",2021,2,0.03686611898263,"Feb","Feb-2021","Multilateral"
"International Fund for Agricultural Development","Disbursements",2021,3,0.043951223175853,"Mar","Mar-2021","Multilateral"
"International Fund for Agricultural Development","Disbursements",2021,4,0.037782349671001,"Apr","Apr-2021","Multilateral"
"International Fund for Agricultural Development","Disbursements",2021,5,0.038073809651756,"May","May-2021","Multilateral"
"International Fund for Agricultural Development","Disbursements",2021,6,0.031078816029069,"Jun","Jun-2021","Multilateral"
"International Fund for Agricultural Development","Disbursements",2021,7,0.056318447932328,"Jul","Jul-2021","Multilateral"
"International Fund for Agricultural Development","Disbursements",2021,8,0.027606361237813,"Aug","Aug-2021","Multilateral"
"International Fund for Agricultural Development","Disbursements",2021,9,0.038768679678046,"Sep","Sep-2021","Multilateral"
"International Fund for Agricultural Development","Disbursements",2021,10,0.041835690157141,"Oct","Oct-2021","Multilateral"
"International Fund for Agricultural Development","Disbursements",2021,11,0.065600262049283,"Nov","Nov-2021","Multilateral"
"Multilateral Investment Fund","Commitments",2020,12,0.001,"Dec","Dec-2020","IFI"
"Multilateral Investment Fund","Commitments",2021,1,0.001,"Jan","Jan-2021","IFI"
"Multilateral Investment Fund","Commitments",2021,2,0.002,"Feb","Feb-2021","IFI"
"Multilateral Investment Fund","Commitments",2021,3,0,"Mar","Mar-2021","IFI"
"Multilateral Investment Fund","Commitments",2021,4,0,"Apr","Apr-2021","IFI"
"Multilateral Investment Fund","Commitments",2021,5,0,"May","May-2021","IFI"
"Multilateral Investment Fund","Commitments",2021,6,0,"Jun","Jun-2021","IFI"
"Multilateral Investment Fund","Commitments",2021,7,0,"Jul","Jul-2021","IFI"
"Multilateral Investment Fund","Commitments",2021,8,0,"Aug","Aug-2021","IFI"
"Multilateral Investment Fund","Commitments",2021,9,0,"Sep","Sep-2021","IFI"
"Multilateral Investment Fund","Commitments",2021,10,0,"Oct","Oct-2021","IFI"
"Multilateral Investment Fund","Commitments",2021,11,0,"Nov","Nov-2021","IFI"
"Multilateral Investment Fund","Disbursements",2020,12,0.00525,"Dec","Dec-2020","IFI"
"Multilateral Investment Fund","Disbursements",2021,1,0.001,"Jan","Jan-2021","IFI"
"Multilateral Investment Fund","Disbursements",2021,2,0.0025,"Feb","Feb-2021","IFI"
"Multilateral Investment Fund","Disbursements",2021,3,0,"Mar","Mar-2021","IFI"
"Multilateral Investment Fund","Disbursements",2021,4,0.0042875,"Apr","Apr-2021","IFI"
"Multilateral Investment Fund","Disbursements",2021,5,0.00025,"May","May-2021","IFI"
"Multilateral Investment Fund","Disbursements",2021,6,0.0045,"Jun","Jun-2021","IFI"
"Multilateral Investment Fund","Disbursements",2021,7,0,"Jul","Jul-2021","IFI"
"Multilateral Investment Fund","Disbursements",2021,8,0,"Aug","Aug-2021","IFI"
"Multilateral Investment Fund","Disbursements",2021,9,0,"Sep","Sep-2021","IFI"
"Multilateral Investment Fund","Disbursements",2021,10,0,"Oct","Oct-2021","IFI"
"Multilateral Investment Fund","Disbursements",2021,11,0,"Nov","Nov-2021","IFI"
"Netherlands","Commitments",2020,12,2.57528140522294,"Dec","Dec-2020","Bilateral"
"Netherlands","Commitments",2021,1,0.074729675766051,"Jan","Jan-2021","Bilateral"
"Netherlands","Commitments",2021,2,0.170487578960316,"Feb","Feb-2021","Bilateral"
"Netherlands","Commitments",2021,3,0.205110116574588,"Mar","Mar-2021","Bilateral"
"Netherlands","Commitments",2021,4,0.123174645448608,"Apr","Apr-2021","Bilateral"
"Netherlands","Commitments",2021,5,0.291518059877847,"May","May-2021","Bilateral"
"Netherlands","Commitments",2021,6,0.127305306711765,"Jun","Jun-2021","Bilateral"
"Netherlands","Commitments",2021,7,0.140690815458813,"Jul","Jul-2021","Bilateral"
"Netherlands","Commitments",2021,8,0.14906316208149,"Aug","Aug-2021","Bilateral"
"Netherlands","Commitments",2021,9,0.203434615298556,"Sep","Sep-2021","Bilateral"
"Netherlands","Commitments",2021,10,0.198725398493076,"Oct","Oct-2021","Bilateral"
"Netherlands","Commitments",2021,11,0.646847040607047,"Nov","Nov-2021","Bilateral"
"Netherlands","Disbursements",2020,12,0.712550098063574,"Dec","Dec-2020","Bilateral"
"Netherlands","Disbursements",2021,1,0.387450005691951,"Jan","Jan-2021","Bilateral"
"Netherlands","Disbursements",2021,2,0.276981985035234,"Feb","Feb-2021","Bilateral"
"Netherlands","Disbursements",2021,3,0.290591996194602,"Mar","Mar-2021","Bilateral"
"Netherlands","Disbursements",2021,4,0.234254647388151,"Apr","Apr-2021","Bilateral"
"Netherlands","Disbursements",2021,5,0.19754647481313,"May","May-2021","Bilateral"
"Netherlands","Disbursements",2021,6,0.245848647929328,"Jun","Jun-2021","Bilateral"
"Netherlands","Disbursements",2021,7,0.222080891561001,"Jul","Jul-2021","Bilateral"
"Netherlands","Disbursements",2021,8,0.227728255838355,"Aug","Aug-2021","Bilateral"
"Netherlands","Disbursements",2021,9,0.260783607997323,"Sep","Sep-2021","Bilateral"
"Netherlands","Disbursements",2021,10,0.231970598290854,"Oct","Oct-2021","Bilateral"
"Netherlands","Disbursements",2021,11,0.832596591267522,"Nov","Nov-2021","Bilateral"
"New Zealand","Commitments",2020,12,0.03121803617764,"Dec","Dec-2020","Bilateral"
"New Zealand","Commitments",2021,1,0.00990000946711501,"Jan","Jan-2021","Bilateral"
"New Zealand","Commitments",2021,2,0.00747470640708,"Feb","Feb-2021","Bilateral"
"New Zealand","Commitments",2021,3,-0.000186591158222999,"Mar","Mar-2021","Bilateral"
"New Zealand","Commitments",2021,4,0.004316480686884,"Apr","Apr-2021","Bilateral"
"New Zealand","Commitments",2021,5,0.028405597323069,"May","May-2021","Bilateral"
"New Zealand","Commitments",2021,6,0.074567881308015,"Jun","Jun-2021","Bilateral"
"New Zealand","Commitments",2021,7,0.014133500323419,"Jul","Jul-2021","Bilateral"
"New Zealand","Commitments",2021,8,0.021575624336973,"Aug","Aug-2021","Bilateral"
"New Zealand","Commitments",2021,9,0.026107663368279,"Sep","Sep-2021","Bilateral"
"New Zealand","Commitments",2021,10,0.025585369322571,"Oct","Oct-2021","Bilateral"
"New Zealand","Commitments",2021,11,-0.002225180897667,"Nov","Nov-2021","Bilateral"
"New Zealand","Disbursements",2020,12,0.0404966097359201,"Dec","Dec-2020","Bilateral"
"New Zealand","Disbursements",2021,1,0.028640135275209,"Jan","Jan-2021","Bilateral"
"New Zealand","Disbursements",2021,2,0.041293058785842,"Feb","Feb-2021","Bilateral"
"New Zealand","Disbursements",2021,3,0.032203014631344,"Mar","Mar-2021","Bilateral"
"New Zealand","Disbursements",2021,4,0.051868114771449,"Apr","Apr-2021","Bilateral"
"New Zealand","Disbursements",2021,5,0.061841944688127,"May","May-2021","Bilateral"
"New Zealand","Disbursements",2021,6,0.154823495015745,"Jun","Jun-2021","Bilateral"
"New Zealand","Disbursements",2021,7,0.058604097241824,"Jul","Jul-2021","Bilateral"
"New Zealand","Disbursements",2021,8,0.031298032842786,"Aug","Aug-2021","Bilateral"
"New Zealand","Disbursements",2021,9,0.027636454732413,"Sep","Sep-2021","Bilateral"
"New Zealand","Disbursements",2021,10,0.022387037924463,"Oct","Oct-2021","Bilateral"
"New Zealand","Disbursements",2021,11,0.018630333652158,"Nov","Nov-2021","Bilateral"
"Norway","Commitments",2020,12,0.3791644764334,"Dec","Dec-2020","Bilateral"
"Norway","Commitments",2021,1,0.2756276824789,"Jan","Jan-2021","Bilateral"
"Norway","Commitments",2021,2,0.12152566,"Feb","Feb-2021","Bilateral"
"Norway","Commitments",2021,3,0.005768088529,"Mar","Mar-2021","Bilateral"
"Norway","Commitments",2021,4,0,"Apr","Apr-2021","Bilateral"
"Norway","Commitments",2021,5,0,"May","May-2021","Bilateral"
"Norway","Commitments",2021,6,0,"Jun","Jun-2021","Bilateral"
"Norway","Commitments",2021,7,0,"Jul","Jul-2021","Bilateral"
"Norway","Commitments",2021,8,0,"Aug","Aug-2021","Bilateral"
"Norway","Commitments",2021,9,0,"Sep","Sep-2021","Bilateral"
"Norway","Commitments",2021,10,0,"Oct","Oct-2021","Bilateral"
"Norway","Commitments",2021,11,0,"Nov","Nov-2021","Bilateral"
"Norway","Disbursements",2020,12,0.934966396704199,"Dec","Dec-2020","Bilateral"
"Norway","Disbursements",2021,1,0,"Jan","Jan-2021","Bilateral"
"Norway","Disbursements",2021,2,0,"Feb","Feb-2021","Bilateral"
"Norway","Disbursements",2021,3,0,"Mar","Mar-2021","Bilateral"
"Norway","Disbursements",2021,4,0,"Apr","Apr-2021","Bilateral"
"Norway","Disbursements",2021,5,0,"May","May-2021","Bilateral"
"Norway","Disbursements",2021,6,0,"Jun","Jun-2021","Bilateral"
"Norway","Disbursements",2021,7,0,"Jul","Jul-2021","Bilateral"
"Norway","Disbursements",2021,8,0,"Aug","Aug-2021","Bilateral"
"Norway","Disbursements",2021,9,0,"Sep","Sep-2021","Bilateral"
"Norway","Disbursements",2021,10,0,"Oct","Oct-2021","Bilateral"
"Norway","Disbursements",2021,11,0,"Nov","Nov-2021","Bilateral"
"Spain","Commitments",2020,12,0.0139446213795,"Dec","Dec-2020","Bilateral"
"Spain","Commitments",2021,1,0.111953427240645,"Jan","Jan-2021","Bilateral"
"Spain","Commitments",2021,2,0.006245720160354,"Feb","Feb-2021","Bilateral"
"Spain","Commitments",2021,3,0.00189692447076,"Mar","Mar-2021","Bilateral"
"Spain","Commitments",2021,4,0.000579752989434,"Apr","Apr-2021","Bilateral"
"Spain","Commitments",2021,5,0.000100038302262,"May","May-2021","Bilateral"
"Spain","Commitments",2021,6,0.004378249684683,"Jun","Jun-2021","Bilateral"
"Spain","Commitments",2021,7,0.00342329219217,"Jul","Jul-2021","Bilateral"
"Spain","Commitments",2021,8,0.0014899221,"Aug","Aug-2021","Bilateral"
"Spain","Commitments",2021,9,1.644321924e-05,"Sep","Sep-2021","Bilateral"
"Spain","Commitments",2021,10,0.000248886,"Oct","Oct-2021","Bilateral"
"Spain","Commitments",2021,11,0,"Nov","Nov-2021","Bilateral"
"Spain","Disbursements",2020,12,0.1179417472146,"Dec","Dec-2020","Bilateral"
"Spain","Disbursements",2021,1,0.000625146775263,"Jan","Jan-2021","Bilateral"
"Spain","Disbursements",2021,2,0.000509085,"Feb","Feb-2021","Bilateral"
"Spain","Disbursements",2021,3,0.006289744598037,"Mar","Mar-2021","Bilateral"
"Spain","Disbursements",2021,4,0.007133501330379,"Apr","Apr-2021","Bilateral"
"Spain","Disbursements",2021,5,0.054608269671504,"May","May-2021","Bilateral"
"Spain","Disbursements",2021,6,0.008908914666906,"Jun","Jun-2021","Bilateral"
"Spain","Disbursements",2021,7,0.016764256533429,"Jul","Jul-2021","Bilateral"
"Spain","Disbursements",2021,8,0.00971822954771101,"Aug","Aug-2021","Bilateral"
"Spain","Disbursements",2021,9,0.00617891861493,"Sep","Sep-2021","Bilateral"
"Spain","Disbursements",2021,10,0.018832415149152,"Oct","Oct-2021","Bilateral"
"Spain","Disbursements",2021,11,0.0007170009705,"Nov","Nov-2021","Bilateral"
"Sweden","Commitments",2020,12,0.326789215356558,"Dec","Dec-2020","Bilateral"
"Sweden","Commitments",2021,1,2.39043300384633,"Jan","Jan-2021","Bilateral"
"Sweden","Commitments",2021,2,0.0766982054789803,"Feb","Feb-2021","Bilateral"
"Sweden","Commitments",2021,3,0.127161038796008,"Mar","Mar-2021","Bilateral"
"Sweden","Commitments",2021,4,0.143626947063345,"Apr","Apr-2021","Bilateral"
"Sweden","Commitments",2021,5,0.080716234730742,"May","May-2021","Bilateral"
"Sweden","Commitments",2021,6,0.13177259878386,"Jun","Jun-2021","Bilateral"
"Sweden","Commitments",2021,7,0.267166400213867,"Jul","Jul-2021","Bilateral"
"Sweden","Commitments",2021,8,0.0817273472534273,"Aug","Aug-2021","Bilateral"
"Sweden","Commitments",2021,9,0.064717574730966,"Sep","Sep-2021","Bilateral"
"Sweden","Commitments",2021,10,0.07875295091042,"Oct","Oct-2021","Bilateral"
"Sweden","Commitments",2021,11,0.208519231788178,"Nov","Nov-2021","Bilateral"
"Sweden","Disbursements",2020,12,0.603738380148104,"Dec","Dec-2020","Bilateral"
"Sweden","Disbursements",2021,1,0.625410217694629,"Jan","Jan-2021","Bilateral"
"Sweden","Disbursements",2021,2,0.148395493914025,"Feb","Feb-2021","Bilateral"
"Sweden","Disbursements",2021,3,1.03662620970607,"Mar","Mar-2021","Bilateral"
"Sweden","Disbursements",2021,4,0.439864009884144,"Apr","Apr-2021","Bilateral"
"Sweden","Disbursements",2021,5,0.265206096713099,"May","May-2021","Bilateral"
"Sweden","Disbursements",2021,6,0.319382821334156,"Jun","Jun-2021","Bilateral"
"Sweden","Disbursements",2021,7,0.246529837593679,"Jul","Jul-2021","Bilateral"
"Sweden","Disbursements",2021,8,0.129335040868443,"Aug","Aug-2021","Bilateral"
"Sweden","Disbursements",2021,9,0.213605809401901,"Sep","Sep-2021","Bilateral"
"Sweden","Disbursements",2021,10,0.294154780081397,"Oct","Oct-2021","Bilateral"
"Sweden","Disbursements",2021,11,0.455430827438461,"Nov","Nov-2021","Bilateral"
"Switzerland","Commitments",2020,12,3.3936043108448,"Dec","Dec-2020","Bilateral"
"Switzerland","Commitments",2021,1,0,"Jan","Jan-2021","Bilateral"
"Switzerland","Commitments",2021,2,0,"Feb","Feb-2021","Bilateral"
"Switzerland","Commitments",2021,3,0,"Mar","Mar-2021","Bilateral"
"Switzerland","Commitments",2021,4,0,"Apr","Apr-2021","Bilateral"
"Switzerland","Commitments",2021,5,0,"May","May-2021","Bilateral"
"Switzerland","Commitments",2021,6,0,"Jun","Jun-2021","Bilateral"
"Switzerland","Commitments",2021,7,0,"Jul","Jul-2021","Bilateral"
"Switzerland","Commitments",2021,8,0,"Aug","Aug-2021","Bilateral"
"Switzerland","Commitments",2021,9,0,"Sep","Sep-2021","Bilateral"
"Switzerland","Commitments",2021,10,0,"Oct","Oct-2021","Bilateral"
"Switzerland","Commitments",2021,11,0,"Nov","Nov-2021","Bilateral"
"Switzerland","Disbursements",2020,12,1.8504522899584,"Dec","Dec-2020","Bilateral"
"Switzerland","Disbursements",2021,1,0,"Jan","Jan-2021","Bilateral"
"Switzerland","Disbursements",2021,2,0,"Feb","Feb-2021","Bilateral"
"Switzerland","Disbursements",2021,3,0,"Mar","Mar-2021","Bilateral"
"Switzerland","Disbursements",2021,4,0,"Apr","Apr-2021","Bilateral"
"Switzerland","Disbursements",2021,5,0,"May","May-2021","Bilateral"
"Switzerland","Disbursements",2021,6,0,"Jun","Jun-2021","Bilateral"
"Switzerland","Disbursements",2021,7,0,"Jul","Jul-2021","Bilateral"
"Switzerland","Disbursements",2021,8,0,"Aug","Aug-2021","Bilateral"
"Switzerland","Disbursements",2021,9,0,"Sep","Sep-2021","Bilateral"
"Switzerland","Disbursements",2021,10,0,"Oct","Oct-2021","Bilateral"
"Switzerland","Disbursements",2021,11,0,"Nov","Nov-2021","Bilateral"
"UK","Commitments",2020,12,0.019017885965514,"Dec","Dec-2020","Bilateral"
"UK","Commitments",2021,1,0.001006330491888,"Jan","Jan-2021","Bilateral"
"UK","Commitments",2021,2,0.1922750502572,"Feb","Feb-2021","Bilateral"
"UK","Commitments",2021,3,0.001673662790116,"Mar","Mar-2021","Bilateral"
"UK","Commitments",2021,4,0,"Apr","Apr-2021","Bilateral"
"UK","Commitments",2021,5,0.0002959701486,"May","May-2021","Bilateral"
"UK","Commitments",2021,6,0.028032753298062,"Jun","Jun-2021","Bilateral"
"UK","Commitments",2021,7,0.0002459441838,"Jul","Jul-2021","Bilateral"
"UK","Commitments",2021,8,0.002693471415665,"Aug","Aug-2021","Bilateral"
"UK","Commitments",2021,9,0.00148200383824,"Sep","Sep-2021","Bilateral"
"UK","Commitments",2021,10,0,"Oct","Oct-2021","Bilateral"
"UK","Commitments",2021,11,0,"Nov","Nov-2021","Bilateral"
"UK","Disbursements",2020,12,3.03495491248332,"Dec","Dec-2020","Bilateral"
"UK","Disbursements",2021,1,0.502019420479485,"Jan","Jan-2021","Bilateral"
"UK","Disbursements",2021,2,0.300521139969267,"Feb","Feb-2021","Bilateral"
"UK","Disbursements",2021,3,1.25256704769382,"Mar","Mar-2021","Bilateral"
"UK","Disbursements",2021,4,0.680721886975913,"Apr","Apr-2021","Bilateral"
"UK","Disbursements",2021,5,0.460279282944882,"May","May-2021","Bilateral"
"UK","Disbursements",2021,6,0.5236133530525,"Jun","Jun-2021","Bilateral"
"UK","Disbursements",2021,7,1.32809266355946,"Jul","Jul-2021","Bilateral"
"UK","Disbursements",2021,8,0.69678889254377,"Aug","Aug-2021","Bilateral"
"UK","Disbursements",2021,9,0.408555635435316,"Sep","Sep-2021","Bilateral"
"UK","Disbursements",2021,10,0.4591496143277,"Oct","Oct-2021","Bilateral"
"UK","Disbursements",2021,11,0.571634345767301,"Nov","Nov-2021","Bilateral"
"UNDP","Disbursements",2020,12,4.356195732,"Dec","Dec-2020","Multilateral"
"UNDP","Disbursements",2021,1,0.194136796,"Jan","Jan-2021","Multilateral"
"UNDP","Disbursements",2021,2,0.311953988,"Feb","Feb-2021","Multilateral"
"UNDP","Disbursements",2021,3,0.421670134,"Mar","Mar-2021","Multilateral"
"UNDP","Disbursements",2021,4,0.333862636,"Apr","Apr-2021","Multilateral"
"UNDP","Disbursements",2021,5,0.344697131000001,"May","May-2021","Multilateral"
"UNDP","Disbursements",2021,6,0.442563383999999,"Jun","Jun-2021","Multilateral"
"UNDP","Disbursements",2021,7,0.317186221999999,"Jul","Jul-2021","Multilateral"
"UNDP","Disbursements",2021,8,0.324947208,"Aug","Aug-2021","Multilateral"
"UNDP","Disbursements",2021,9,0.397063225999999,"Sep","Sep-2021","Multilateral"
"UNDP","Disbursements",2021,10,0.329979434,"Oct","Oct-2021","Multilateral"
"UNDP","Disbursements",2021,11,0.417746685,"Nov","Nov-2021","Multilateral"
"UNFPA","Commitments",2020,12,0,"Dec","Dec-2020","Multilateral"
"UNFPA","Commitments",2021,1,0,"Jan","Jan-2021","Multilateral"
"UNFPA","Commitments",2021,2,0,"Feb","Feb-2021","Multilateral"
"UNFPA","Commitments",2021,3,0,"Mar","Mar-2021","Multilateral"
"UNFPA","Commitments",2021,4,0,"Apr","Apr-2021","Multilateral"
"UNFPA","Commitments",2021,5,0,"May","May-2021","Multilateral"
"UNFPA","Commitments",2021,6,0,"Jun","Jun-2021","Multilateral"
"UNFPA","Commitments",2021,7,0,"Jul","Jul-2021","Multilateral"
"UNFPA","Commitments",2021,8,0,"Aug","Aug-2021","Multilateral"
"UNFPA","Commitments",2021,9,0,"Sep","Sep-2021","Multilateral"
"UNFPA","Commitments",2021,10,0,"Oct","Oct-2021","Multilateral"
"UNFPA","Commitments",2021,11,0,"Nov","Nov-2021","Multilateral"
"UNICEF","Commitments",2020,12,5.43037027200003,"Dec","Dec-2020","Multilateral"
"UNICEF","Commitments",2021,1,0,"Jan","Jan-2021","Multilateral"
"UNICEF","Commitments",2021,2,0,"Feb","Feb-2021","Multilateral"
"UNICEF","Commitments",2021,3,0,"Mar","Mar-2021","Multilateral"
"UNICEF","Commitments",2021,4,0,"Apr","Apr-2021","Multilateral"
"UNICEF","Commitments",2021,5,0,"May","May-2021","Multilateral"
"UNICEF","Commitments",2021,6,0,"Jun","Jun-2021","Multilateral"
"UNICEF","Commitments",2021,7,0,"Jul","Jul-2021","Multilateral"
"UNICEF","Commitments",2021,8,9.25400246000012,"Aug","Aug-2021","Multilateral"
"UNICEF","Commitments",2021,9,0,"Sep","Sep-2021","Multilateral"
"UNICEF","Commitments",2021,10,0,"Oct","Oct-2021","Multilateral"
"UNICEF","Commitments",2021,11,0,"Nov","Nov-2021","Multilateral"
"UNICEF","Disbursements",2020,12,0.748850358000006,"Dec","Dec-2020","Multilateral"
"UNICEF","Disbursements",2021,1,0.33134903,"Jan","Jan-2021","Multilateral"
"UNICEF","Disbursements",2021,2,0.538431939,"Feb","Feb-2021","Multilateral"
"UNICEF","Disbursements",2021,3,0.523517640999997,"Mar","Mar-2021","Multilateral"
"UNICEF","Disbursements",2021,4,0.504908418000001,"Apr","Apr-2021","Multilateral"
"UNICEF","Disbursements",2021,5,0.509117015,"May","May-2021","Multilateral"
"UNICEF","Disbursements",2021,6,0.576200761,"Jun","Jun-2021","Multilateral"
"UNICEF","Disbursements",2021,7,0.502948484,"Jul","Jul-2021","Multilateral"
"UNICEF","Disbursements",2021,8,2.829464184,"Aug","Aug-2021","Multilateral"
"UNICEF","Disbursements",2021,9,0,"Sep","Sep-2021","Multilateral"
"UNICEF","Disbursements",2021,10,0,"Oct","Oct-2021","Multilateral"
"UNICEF","Disbursements",2021,11,0,"Nov","Nov-2021","Multilateral"
"UNIDO","Disbursements",2020,12,0.17651488157,"Dec","Dec-2020","Multilateral"
"UNIDO","Disbursements",2021,1,0,"Jan","Jan-2021","Multilateral"
"UNIDO","Disbursements",2021,2,0,"Feb","Feb-2021","Multilateral"
"UNIDO","Disbursements",2021,3,0,"Mar","Mar-2021","Multilateral"
"UNIDO","Disbursements",2021,4,0,"Apr","Apr-2021","Multilateral"
"UNIDO","Disbursements",2021,5,0,"May","May-2021","Multilateral"
"UNIDO","Disbursements",2021,6,0,"Jun","Jun-2021","Multilateral"
"UNIDO","Disbursements",2021,7,0,"Jul","Jul-2021","Multilateral"
"UNIDO","Disbursements",2021,8,0,"Aug","Aug-2021","Multilateral"
"UNIDO","Disbursements",2021,9,0,"Sep","Sep-2021","Multilateral"
"UNIDO","Disbursements",2021,10,0,"Oct","Oct-2021","Multilateral"
"UNIDO","Disbursements",2021,11,0,"Nov","Nov-2021","Multilateral"
"UNOCHA","Commitments",2020,12,0,"Dec","Dec-2020","Multilateral"
"UNOCHA","Commitments",2021,1,0.27485469533,"Jan","Jan-2021","Multilateral"
"UNOCHA","Commitments",2021,2,0,"Feb","Feb-2021","Multilateral"
"UNOCHA","Commitments",2021,3,0,"Mar","Mar-2021","Multilateral"
"UNOCHA","Commitments",2021,4,0,"Apr","Apr-2021","Multilateral"
"UNOCHA","Commitments",2021,5,0,"May","May-2021","Multilateral"
"UNOCHA","Commitments",2021,6,0,"Jun","Jun-2021","Multilateral"
"UNOCHA","Commitments",2021,7,0,"Jul","Jul-2021","Multilateral"
"UNOCHA","Commitments",2021,8,0,"Aug","Aug-2021","Multilateral"
"UNOCHA","Commitments",2021,9,0,"Sep","Sep-2021","Multilateral"
"UNOCHA","Commitments",2021,10,0,"Oct","Oct-2021","Multilateral"
"UNOCHA","Commitments",2021,11,0,"Nov","Nov-2021","Multilateral"
"UNOCHA","Disbursements",2020,12,0.260490084,"Dec","Dec-2020","Multilateral"
"UNOCHA","Disbursements",2021,1,0.097872439,"Jan","Jan-2021","Multilateral"
"UNOCHA","Disbursements",2021,2,0.027984708,"Feb","Feb-2021","Multilateral"
"UNOCHA","Disbursements",2021,3,0.006000001,"Mar","Mar-2021","Multilateral"
"UNOCHA","Disbursements",2021,4,0.07650514,"Apr","Apr-2021","Multilateral"
"UNOCHA","Disbursements",2021,5,0.052891545,"May","May-2021","Multilateral"
"UNOCHA","Disbursements",2021,6,0.039006854,"Jun","Jun-2021","Multilateral"
"UNOCHA","Disbursements",2021,7,0.006283454,"Jul","Jul-2021","Multilateral"
"UNOCHA","Disbursements",2021,8,0.017611829,"Aug","Aug-2021","Multilateral"
"UNOCHA","Disbursements",2021,9,0.073363033,"Sep","Sep-2021","Multilateral"
"UNOCHA","Disbursements",2021,10,0.374907026,"Oct","Oct-2021","Multilateral"
"UNOCHA","Disbursements",2021,11,0.005432682,"Nov","Nov-2021","Multilateral"
"UNRWA","Disbursements",2020,12,0.9809682972,"Dec","Dec-2020","Multilateral"
"UNRWA","Disbursements",2021,1,0,"Jan","Jan-2021","Multilateral"
"UNRWA","Disbursements",2021,2,0,"Feb","Feb-2021","Multilateral"
"UNRWA","Disbursements",2021,3,0.02053146815,"Mar","Mar-2021","Multilateral"
"UNRWA","Disbursements",2021,4,0,"Apr","Apr-2021","Multilateral"
"UNRWA","Disbursements",2021,5,0,"May","May-2021","Multilateral"
"UNRWA","Disbursements",2021,6,0.37616838789,"Jun","Jun-2021","Multilateral"
"UNRWA","Disbursements",2021,7,0,"Jul","Jul-2021","Multilateral"
"UNRWA","Disbursements",2021,8,0,"Aug","Aug-2021","Multilateral"
"UNRWA","Disbursements",2021,9,0.82303119961,"Sep","Sep-2021","Multilateral"
"UNRWA","Disbursements",2021,10,0,"Oct","Oct-2021","Multilateral"
"UNRWA","Disbursements",2021,11,0,"Nov","Nov-2021","Multilateral"
"US","Commitments",2020,12,4.01893752551,"Dec","Dec-2020","Bilateral"
"US","Commitments",2021,1,0.604011864820001,"Jan","Jan-2021","Bilateral"
"US","Commitments",2021,2,0.484581329060001,"Feb","Feb-2021","Bilateral"
"US","Commitments",2021,3,7.74395573998996,"Mar","Mar-2021","Bilateral"
"US","Commitments",2021,4,0.69253061572,"Apr","Apr-2021","Bilateral"
"US","Commitments",2021,5,0.934815671669999,"May","May-2021","Bilateral"
"US","Commitments",2021,6,4.58169841520001,"Jun","Jun-2021","Bilateral"
"US","Commitments",2021,7,5.72429932779,"Jul","Jul-2021","Bilateral"
"US","Commitments",2021,8,0.18120246386,"Aug","Aug-2021","Bilateral"
"US","Commitments",2021,9,11.28372749759,"Sep","Sep-2021","Bilateral"
"US","Commitments",2021,10,0.77688794341,"Oct","Oct-2021","Bilateral"
"US","Commitments",2021,11,0.36489771503,"Nov","Nov-2021","Bilateral"
"US","Disbursements",2020,12,3.26662252378,"Dec","Dec-2020","Bilateral"
"US","Disbursements",2021,1,0.29020768372,"Jan","Jan-2021","Bilateral"
"US","Disbursements",2021,2,1.27728531289,"Feb","Feb-2021","Bilateral"
"US","Disbursements",2021,3,5.65517193348999,"Mar","Mar-2021","Bilateral"
"US","Disbursements",2021,4,0.50681917815,"Apr","Apr-2021","Bilateral"
"US","Disbursements",2021,5,0.945589683949999,"May","May-2021","Bilateral"
"US","Disbursements",2021,6,3.81226532051999,"Jun","Jun-2021","Bilateral"
"US","Disbursements",2021,7,2.40652639616,"Jul","Jul-2021","Bilateral"
"US","Disbursements",2021,8,0.59004132175,"Aug","Aug-2021","Bilateral"
"US","Disbursements",2021,9,6.67363579228993,"Sep","Sep-2021","Bilateral"
"US","Disbursements",2021,10,0.30063591966,"Oct","Oct-2021","Bilateral"
"US","Disbursements",2021,11,1.13686483201,"Nov","Nov-2021","Bilateral"
"Unitaid","Commitments",2020,12,0,"Dec","Dec-2020","Multilateral"
"Unitaid","Commitments",2021,1,0.001597251,"Jan","Jan-2021","Multilateral"
"Unitaid","Commitments",2021,2,0,"Feb","Feb-2021","Multilateral"
"Unitaid","Commitments",2021,3,0,"Mar","Mar-2021","Multilateral"
"Unitaid","Commitments",2021,4,0,"Apr","Apr-2021","Multilateral"
"Unitaid","Commitments",2021,5,0.039949031,"May","May-2021","Multilateral"
"Unitaid","Commitments",2021,6,0.005,"Jun","Jun-2021","Multilateral"
"Unitaid","Commitments",2021,7,0,"Jul","Jul-2021","Multilateral"
"Unitaid","Commitments",2021,8,0.035485084,"Aug","Aug-2021","Multilateral"
"Unitaid","Commitments",2021,9,0,"Sep","Sep-2021","Multilateral"
"Unitaid","Commitments",2021,10,0,"Oct","Oct-2021","Multilateral"
"Unitaid","Commitments",2021,11,0,"Nov","Nov-2021","Multilateral"
"Unitaid","Disbursements",2020,12,0.066033824,"Dec","Dec-2020","Multilateral"
"Unitaid","Disbursements",2021,1,0.013042348,"Jan","Jan-2021","Multilateral"
"Unitaid","Disbursements",2021,2,0.00074303,"Feb","Feb-2021","Multilateral"
"Unitaid","Disbursements",2021,3,0.011724735,"Mar","Mar-2021","Multilateral"
"Unitaid","Disbursements",2021,4,0.000977411,"Apr","Apr-2021","Multilateral"
"Unitaid","Disbursements",2021,5,0.032097868,"May","May-2021","Multilateral"
"Unitaid","Disbursements",2021,6,0.100208695,"Jun","Jun-2021","Multilateral"
"Unitaid","Disbursements",2021,7,0.040338939,"Jul","Jul-2021","Multilateral"
"Unitaid","Disbursements",2021,8,0.014276466,"Aug","Aug-2021","Multilateral"
"Unitaid","Disbursements",2021,9,0.030576571,"Sep","Sep-2021","Multilateral"
"Unitaid","Disbursements",2021,10,0.008024127,"Oct","Oct-2021","Multilateral"
"Unitaid","Disbursements",2021,11,0.008290337,"Nov","Nov-2021","Multilateral"
"World Bank","Commitments",2020,12,12.047250614,"Dec","Dec-2020","IFI"
"World Bank","Commitments",2021,1,1.1451e-05,"Jan","Jan-2021","IFI"
"World Bank","Commitments",2021,2,0,"Feb","Feb-2021","IFI"
"World Bank","Commitments",2021,3,14.119468482,"Mar","Mar-2021","IFI"
"World Bank","Commitments",2021,4,0,"Apr","Apr-2021","IFI"
"World Bank","Commitments",2021,5,0,"May","May-2021","IFI"
"World Bank","Commitments",2021,6,26.525400915,"Jun","Jun-2021","IFI"
"World Bank","Commitments",2021,7,0,"Jul","Jul-2021","IFI"
"World Bank","Commitments",2021,8,0,"Aug","Aug-2021","IFI"
"World Bank","Commitments",2021,9,0.524364998,"Sep","Sep-2021","IFI"
"World Bank","Commitments",2021,10,0,"Oct","Oct-2021","IFI"
"World Bank","Commitments",2021,11,-0.639243841,"Nov","Nov-2021","IFI"
"World Bank","Disbursements",2020,12,11.650370754,"Dec","Dec-2020","IFI"
"World Bank","Disbursements",2021,1,1.4294e-05,"Jan","Jan-2021","IFI"
"World Bank","Disbursements",2021,2,0,"Feb","Feb-2021","IFI"
"World Bank","Disbursements",2021,3,10.022633592,"Mar","Mar-2021","IFI"
"World Bank","Disbursements",2021,4,0,"Apr","Apr-2021","IFI"
"World Bank","Disbursements",2021,5,0,"May","May-2021","IFI"
"World Bank","Disbursements",2021,6,13.078838221,"Jun","Jun-2021","IFI"
"World Bank","Disbursements",2021,7,0,"Jul","Jul-2021","IFI"
"World Bank","Disbursements",2021,8,0,"Aug","Aug-2021","IFI"
"World Bank","Disbursements",2021,9,9.656805831,"Sep","Sep-2021","IFI"
"World Bank","Disbursements",2021,10,0,"Oct","Oct-2021","IFI"
"World Bank","Disbursements",2021,11,7.57215322399999,"Nov","Nov-2021","IFI"
"World Food Programme","Commitments",2020,12,1.670123806,"Dec","Dec-2020","Multilateral"
"World Food Programme","Commitments",2021,1,0.492423937,"Jan","Jan-2021","Multilateral"
"World Food Programme","Commitments",2021,2,0.51838052,"Feb","Feb-2021","Multilateral"
"World Food Programme","Commitments",2021,3,0.701092506,"Mar","Mar-2021","Multilateral"
"World Food Programme","Commitments",2021,4,0.753976939,"Apr","Apr-2021","Multilateral"
"World Food Programme","Commitments",2021,5,0.667748233,"May","May-2021","Multilateral"
"World Food Programme","Commitments",2021,6,0.847712575,"Jun","Jun-2021","Multilateral"
"World Food Programme","Commitments",2021,7,0.631822045,"Jul","Jul-2021","Multilateral"
"World Food Programme","Commitments",2021,8,0.740194508,"Aug","Aug-2021","Multilateral"
"World Food Programme","Commitments",2021,9,1.225535556,"Sep","Sep-2021","Multilateral"
"World Food Programme","Commitments",2021,10,0.698714847000001,"Oct","Oct-2021","Multilateral"
"World Food Programme","Commitments",2021,11,0.532477566000001,"Nov","Nov-2021","Multilateral"
"World Food Programme","Disbursements",2020,12,1.670123806,"Dec","Dec-2020","Multilateral"
"World Food Programme","Disbursements",2021,1,0.492423937,"Jan","Jan-2021","Multilateral"
"World Food Programme","Disbursements",2021,2,0.51838052,"Feb","Feb-2021","Multilateral"
"World Food Programme","Disbursements",2021,3,0.701092505999999,"Mar","Mar-2021","Multilateral"
"World Food Programme","Disbursements",2021,4,0.753976938999999,"Apr","Apr-2021","Multilateral"
"World Food Programme","Disbursements",2021,5,0.667748233000001,"May","May-2021","Multilateral"
"World Food Programme","Disbursements",2021,6,0.847712575000001,"Jun","Jun-2021","Multilateral"
"World Food Programme","Disbursements",2021,7,0.631822045,"Jul","Jul-2021","Multilateral"
"World Food Programme","Disbursements",2021,8,0.740194508000001,"Aug","Aug-2021","Multilateral"
"World Food Programme","Disbursements",2021,9,1.225535556,"Sep","Sep-2021","Multilateral"
"World Food Programme","Disbursements",2021,10,0.698714846999999,"Oct","Oct-2021","Multilateral"
"World Food Programme","Disbursements",2021,11,0.532477566,"Nov","Nov-2021","Multilateral"
