"","Reporting Organisation Narrative","Reporting Organsation Reference","org_type","tracker_commit","tracker_spend","YYYYMM year and month","Transaction Type","x_original_transaction_value_USDm_Sum","usability"
"1","AECID Spanish Agency for International Development Cooperation","ES-DIR3-EA0035768","Bilateral","Yes","Yes",202101,"Disbursements",0.625146775263,"Yes"
"2","AECID Spanish Agency for International Development Cooperation","ES-DIR3-EA0035768","Bilateral","Yes","Yes",202101,"Commitments",111.953427240645,"Yes"
"3","AECID Spanish Agency for International Development Cooperation","ES-DIR3-EA0035768","Bilateral","Yes","Yes",202102,"Disbursements",0.509085,"Yes"
"4","AECID Spanish Agency for International Development Cooperation","ES-DIR3-EA0035768","Bilateral","Yes","Yes",202102,"Commitments",6.245720160354,"Yes"
"5","AECID Spanish Agency for International Development Cooperation","ES-DIR3-EA0035768","Bilateral","Yes","Yes",202103,"Disbursements",6.289744598037,"Yes"
"6","AECID Spanish Agency for International Development Cooperation","ES-DIR3-EA0035768","Bilateral","Yes","Yes",202103,"Commitments",1.89692447076,"Yes"
"7","AECID Spanish Agency for International Development Cooperation","ES-DIR3-EA0035768","Bilateral","Yes","Yes",202104,"Disbursements",7.133501330379,"Yes"
"8","AECID Spanish Agency for International Development Cooperation","ES-DIR3-EA0035768","Bilateral","Yes","Yes",202104,"Commitments",0.579752989434,"Yes"
"9","AECID Spanish Agency for International Development Cooperation","ES-DIR3-EA0035768","Bilateral","Yes","Yes",202105,"Disbursements",54.608269671504,"Yes"
"10","AECID Spanish Agency for International Development Cooperation","ES-DIR3-EA0035768","Bilateral","Yes","Yes",202105,"Commitments",0.100038302262,"Yes"
"11","AECID Spanish Agency for International Development Cooperation","ES-DIR3-EA0035768","Bilateral","Yes","Yes",202106,"Disbursements",8.908914666906,"Yes"
"12","AECID Spanish Agency for International Development Cooperation","ES-DIR3-EA0035768","Bilateral","Yes","Yes",202106,"Commitments",4.378249684683,"Yes"
"13","AECID Spanish Agency for International Development Cooperation","ES-DIR3-EA0035768","Bilateral","Yes","Yes",202107,"Disbursements",16.764256533429,"Yes"
"14","AECID Spanish Agency for International Development Cooperation","ES-DIR3-EA0035768","Bilateral","Yes","Yes",202107,"Commitments",3.42329219217,"Yes"
"15","AECID Spanish Agency for International Development Cooperation","ES-DIR3-EA0035768","Bilateral","Yes","Yes",202108,"Disbursements",9.718229547711,"Yes"
"16","AECID Spanish Agency for International Development Cooperation","ES-DIR3-EA0035768","Bilateral","Yes","Yes",202108,"Commitments",1.4899221,"Yes"
"17","AECID Spanish Agency for International Development Cooperation","ES-DIR3-EA0035768","Bilateral","Yes","Yes",202109,"Disbursements",6.17891861493,"Yes"
"18","AECID Spanish Agency for International Development Cooperation","ES-DIR3-EA0035768","Bilateral","Yes","Yes",202109,"Commitments",0.01644321924,"Yes"
"19","AECID Spanish Agency for International Development Cooperation","ES-DIR3-EA0035768","Bilateral","Yes","Yes",202110,"Disbursements",18.832415149152,"Yes"
"20","AECID Spanish Agency for International Development Cooperation","ES-DIR3-EA0035768","Bilateral","Yes","Yes",202110,"Commitments",0.248886,"Yes"
"21","AECID Spanish Agency for International Development Cooperation","ES-DIR3-EA0035768","Bilateral","Yes","Yes",202111,"Disbursements",0.7170009705,"Yes"
"22","BRITISH COUNCIL","GB-CHC-209131","Bilateral","Yes","Yes",202101,"Disbursements",0.465798933636,"Yes"
"23","BRITISH COUNCIL","GB-CHC-209131","Bilateral","Yes","Yes",202101,"Commitments",0.210328167903,"Yes"
"24","BRITISH COUNCIL","GB-CHC-209131","Bilateral","Yes","Yes",202102,"Disbursements",1.984516575776,"Yes"
"25","BRITISH COUNCIL","GB-CHC-209131","Bilateral","Yes","Yes",202102,"Commitments",0.1630502572,"Yes"
"26","BRITISH COUNCIL","GB-CHC-209131","Bilateral","Yes","Yes",202103,"Disbursements",0.592866253026,"Yes"
"27","BRITISH COUNCIL","GB-CHC-209131","Bilateral","Yes","Yes",202103,"Commitments",1.120645512774,"Yes"
"28","BRITISH COUNCIL","GB-CHC-209131","Bilateral","Yes","Yes",202104,"Disbursements",0.416698408361,"Yes"
"29","BRITISH COUNCIL","GB-CHC-209131","Bilateral","Yes","Yes",202105,"Disbursements",2.101666773551,"Yes"
"30","BRITISH COUNCIL","GB-CHC-209131","Bilateral","Yes","Yes",202105,"Commitments",0.2959701486,"Yes"
"31","BRITISH COUNCIL","GB-CHC-209131","Bilateral","Yes","Yes",202106,"Disbursements",0.101287269795,"Yes"
"32","BRITISH COUNCIL","GB-CHC-209131","Bilateral","Yes","Yes",202106,"Commitments",0.2883288938,"Yes"
"33","BRITISH COUNCIL","GB-CHC-209131","Bilateral","Yes","Yes",202107,"Disbursements",0.265741913743,"Yes"
"34","BRITISH COUNCIL","GB-CHC-209131","Bilateral","Yes","Yes",202107,"Commitments",0.2459441838,"Yes"
"35","BRITISH COUNCIL","GB-CHC-209131","Bilateral","Yes","Yes",202108,"Disbursements",2.002192656812,"Yes"
"36","BRITISH COUNCIL","GB-CHC-209131","Bilateral","Yes","Yes",202108,"Commitments",1.373047985713,"Yes"
"37","BRITISH COUNCIL","GB-CHC-209131","Bilateral","Yes","Yes",202109,"Disbursements",0.555188383082,"Yes"
"38","BRITISH COUNCIL","GB-CHC-209131","Bilateral","Yes","Yes",202109,"Commitments",1.128829255841,"Yes"
"39","Bundesministerium für wirtschaftliche Zusammenarbeit und Entwicklung (BMZ)","DE-1","Bilateral","Yes","No",202101,"Disbursements",629.439845275377,"Yes"
"40","Bundesministerium für wirtschaftliche Zusammenarbeit und Entwicklung (BMZ)","DE-1","Bilateral","Yes","No",202101,"Commitments",514.681161141582,"Yes"
"41","Bundesministerium für wirtschaftliche Zusammenarbeit und Entwicklung (BMZ)","DE-1","Bilateral","Yes","No",202102,"Disbursements",297.048732019578,"Yes"
"42","Bundesministerium für wirtschaftliche Zusammenarbeit und Entwicklung (BMZ)","DE-1","Bilateral","Yes","No",202102,"Commitments",360.990616797261,"Yes"
"43","Bundesministerium für wirtschaftliche Zusammenarbeit und Entwicklung (BMZ)","DE-1","Bilateral","Yes","No",202103,"Disbursements",894.648448918224,"Yes"
"44","Bundesministerium für wirtschaftliche Zusammenarbeit und Entwicklung (BMZ)","DE-1","Bilateral","Yes","No",202103,"Commitments",267.325079764806,"Yes"
"45","Bundesministerium für wirtschaftliche Zusammenarbeit und Entwicklung (BMZ)","DE-1","Bilateral","Yes","No",202104,"Disbursements",288.780110526672,"Yes"
"46","Bundesministerium für wirtschaftliche Zusammenarbeit und Entwicklung (BMZ)","DE-1","Bilateral","Yes","No",202104,"Commitments",429.70303271358,"Yes"
"47","Bundesministerium für wirtschaftliche Zusammenarbeit und Entwicklung (BMZ)","DE-1","Bilateral","Yes","No",202105,"Disbursements",482.675049085005,"Yes"
"48","Bundesministerium für wirtschaftliche Zusammenarbeit und Entwicklung (BMZ)","DE-1","Bilateral","Yes","No",202105,"Commitments",241.100169775929,"Yes"
"49","Bundesministerium für wirtschaftliche Zusammenarbeit und Entwicklung (BMZ)","DE-1","Bilateral","Yes","No",202106,"Disbursements",520.253651606805,"Yes"
"50","Bundesministerium für wirtschaftliche Zusammenarbeit und Entwicklung (BMZ)","DE-1","Bilateral","Yes","No",202106,"Commitments",392.876042312862,"Yes"
"51","Bundesministerium für wirtschaftliche Zusammenarbeit und Entwicklung (BMZ)","DE-1","Bilateral","Yes","No",202107,"Disbursements",1215.34654936312,"Yes"
"52","Bundesministerium für wirtschaftliche Zusammenarbeit und Entwicklung (BMZ)","DE-1","Bilateral","Yes","No",202107,"Commitments",617.072065773849,"Yes"
"53","Bundesministerium für wirtschaftliche Zusammenarbeit und Entwicklung (BMZ)","DE-1","Bilateral","Yes","No",202108,"Disbursements",535.504384192167,"Yes"
"54","Bundesministerium für wirtschaftliche Zusammenarbeit und Entwicklung (BMZ)","DE-1","Bilateral","Yes","No",202108,"Commitments",337.975440954129,"Yes"
"55","Bundesministerium für wirtschaftliche Zusammenarbeit und Entwicklung (BMZ)","DE-1","Bilateral","Yes","No",202109,"Disbursements",2814.34585865792,"Yes"
"56","Bundesministerium für wirtschaftliche Zusammenarbeit und Entwicklung (BMZ)","DE-1","Bilateral","Yes","No",202109,"Commitments",502.399767368664,"Yes"
"57","Bundesministerium für wirtschaftliche Zusammenarbeit und Entwicklung (BMZ)","DE-1","Bilateral","Yes","No",202110,"Disbursements",1445.17432636064,"Yes"
"58","Bundesministerium für wirtschaftliche Zusammenarbeit und Entwicklung (BMZ)","DE-1","Bilateral","Yes","No",202110,"Commitments",572.462894575791,"Yes"
"59","Bundesministerium für wirtschaftliche Zusammenarbeit und Entwicklung (BMZ)","DE-1","Bilateral","Yes","No",202111,"Disbursements",3507.17202282504,"Yes"
"60","Bundesministerium für wirtschaftliche Zusammenarbeit und Entwicklung (BMZ)","DE-1","Bilateral","Yes","No",202111,"Commitments",976.318111085887,"Yes"
"61","Bundesministerium für wirtschaftliche Zusammenarbeit und Entwicklung (BMZ)","DE-1","Bilateral","Yes","No",202112,"Commitments",12.7034830926,"Yes"
"62","Department of Business, Energy and Industrial Strategy","GB-GOV-13","Bilateral","Yes","Yes",202101,"Commitments",0.796002323985,"Yes"
"63","Department of Business, Energy and Industrial Strategy","GB-GOV-13","Bilateral","Yes","Yes",202103,"Commitments",0.553017277342,"Yes"
"64","Department of Business, Energy and Industrial Strategy","GB-GOV-13","Bilateral","Yes","Yes",202106,"Commitments",3.730424404262,"Yes"
"65","Department of Business, Energy and Industrial Strategy","GB-GOV-13","Bilateral","Yes","Yes",202108,"Commitments",1.320423429952,"Yes"
"66","Department of Business, Energy and Industrial Strategy","GB-GOV-13","Bilateral","Yes","Yes",202109,"Commitments",0.353174582399,"Yes"
"67","Directorate-general Development Cooperation and Humanitarian Aid","XM-DAC-2-10","Bilateral","Yes","Yes",202101,"Disbursements",109.380290639877,"Yes"
"68","Directorate-general Development Cooperation and Humanitarian Aid","XM-DAC-2-10","Bilateral","Yes","Yes",202101,"Commitments",34.610947898292,"Yes"
"69","Directorate-general Development Cooperation and Humanitarian Aid","XM-DAC-2-10","Bilateral","Yes","Yes",202102,"Disbursements",151.814479676688,"Yes"
"70","Directorate-general Development Cooperation and Humanitarian Aid","XM-DAC-2-10","Bilateral","Yes","Yes",202102,"Commitments",124.01411953167,"Yes"
"71","Directorate-general Development Cooperation and Humanitarian Aid","XM-DAC-2-10","Bilateral","Yes","Yes",202103,"Disbursements",171.223478648019,"Yes"
"72","Directorate-general Development Cooperation and Humanitarian Aid","XM-DAC-2-10","Bilateral","Yes","Yes",202103,"Commitments",55.44578386782,"Yes"
"73","Directorate-general Development Cooperation and Humanitarian Aid","XM-DAC-2-10","Bilateral","Yes","Yes",202104,"Disbursements",82.08591581205,"Yes"
"74","Directorate-general Development Cooperation and Humanitarian Aid","XM-DAC-2-10","Bilateral","Yes","Yes",202104,"Commitments",43.79364117,"Yes"
"75","Directorate-general Development Cooperation and Humanitarian Aid","XM-DAC-2-10","Bilateral","Yes","Yes",202105,"Disbursements",57.790428628635,"Yes"
"76","Directorate-general Development Cooperation and Humanitarian Aid","XM-DAC-2-10","Bilateral","Yes","Yes",202105,"Commitments",388.960361264673,"Yes"
"77","Directorate-general Development Cooperation and Humanitarian Aid","XM-DAC-2-10","Bilateral","Yes","Yes",202106,"Disbursements",169.57927683414,"Yes"
"78","Directorate-general Development Cooperation and Humanitarian Aid","XM-DAC-2-10","Bilateral","Yes","Yes",202106,"Commitments",67.159161515475,"Yes"
"79","Directorate-general Development Cooperation and Humanitarian Aid","XM-DAC-2-10","Bilateral","Yes","Yes",202107,"Disbursements",56.359238307525,"Yes"
"80","Directorate-general Development Cooperation and Humanitarian Aid","XM-DAC-2-10","Bilateral","Yes","Yes",202107,"Commitments",584.099434813905,"Yes"
"81","Directorate-general Development Cooperation and Humanitarian Aid","XM-DAC-2-10","Bilateral","Yes","Yes",202108,"Disbursements",21.105834234885,"Yes"
"82","Directorate-general Development Cooperation and Humanitarian Aid","XM-DAC-2-10","Bilateral","Yes","Yes",202108,"Commitments",15.572134496781,"Yes"
"83","Directorate-general Development Cooperation and Humanitarian Aid","XM-DAC-2-10","Bilateral","Yes","Yes",202109,"Disbursements",130.259107130022,"Yes"
"84","Directorate-general Development Cooperation and Humanitarian Aid","XM-DAC-2-10","Bilateral","Yes","Yes",202109,"Commitments",90.797919285771,"Yes"
"85","Directorate-general Development Cooperation and Humanitarian Aid","XM-DAC-2-10","Bilateral","Yes","Yes",202110,"Disbursements",76.899971754621,"Yes"
"86","Directorate-general Development Cooperation and Humanitarian Aid","XM-DAC-2-10","Bilateral","Yes","Yes",202110,"Commitments",260.644325735223,"Yes"
"87","Directorate-general Development Cooperation and Humanitarian Aid","XM-DAC-2-10","Bilateral","Yes","Yes",202111,"Disbursements",150.534656922249,"Yes"
"88","Directorate-general Development Cooperation and Humanitarian Aid","XM-DAC-2-10","Bilateral","Yes","Yes",202111,"Commitments",201.298294206135,"Yes"
"89","Directorate-general Development Cooperation and Humanitarian Aid","XM-DAC-2-10","Bilateral","Yes","Yes",202112,"Disbursements",211.994788696227,"Yes"
"90","Directorate-general Development Cooperation and Humanitarian Aid","XM-DAC-2-10","Bilateral","Yes","Yes",202112,"Commitments",1327.97830425346,"Yes"
"91","Directorate-general Development Cooperation and Humanitarian Aid","XM-DAC-2-10","Bilateral","Yes","Yes",202201,"Disbursements",104.823851453914,"Yes"
"92","Directorate-general Development Cooperation and Humanitarian Aid","XM-DAC-2-10","Bilateral","Yes","Yes",202201,"Commitments",2515.94550286681,"Yes"
"93","Directorate-General for European Civil Protection and Humanitarian Aid Operations (ECHO)","XI-IATI-EC_ECHO","Bilateral","Yes","Yes",202101,"Disbursements",243.730614844431,"Yes"
"94","Directorate-General for European Civil Protection and Humanitarian Aid Operations (ECHO)","XI-IATI-EC_ECHO","Bilateral","Yes","Yes",202102,"Disbursements",28.721448834696,"Yes"
"95","Directorate-General for European Civil Protection and Humanitarian Aid Operations (ECHO)","XI-IATI-EC_ECHO","Bilateral","Yes","Yes",202102,"Commitments",9.9698459742,"Yes"
"96","Directorate-General for European Civil Protection and Humanitarian Aid Operations (ECHO)","XI-IATI-EC_ECHO","Bilateral","Yes","Yes",202103,"Disbursements",22.280663762757,"Yes"
"97","Directorate-General for European Civil Protection and Humanitarian Aid Operations (ECHO)","XI-IATI-EC_ECHO","Bilateral","Yes","Yes",202103,"Commitments",5.147415,"Yes"
"98","Directorate-General for European Civil Protection and Humanitarian Aid Operations (ECHO)","XI-IATI-EC_ECHO","Bilateral","Yes","Yes",202104,"Disbursements",31.106602529757,"Yes"
"99","Directorate-General for European Civil Protection and Humanitarian Aid Operations (ECHO)","XI-IATI-EC_ECHO","Bilateral","Yes","Yes",202104,"Commitments",221.173108701525,"Yes"
"100","Directorate-General for European Civil Protection and Humanitarian Aid Operations (ECHO)","XI-IATI-EC_ECHO","Bilateral","Yes","Yes",202105,"Disbursements",302.196968626203,"Yes"
"101","Directorate-General for European Civil Protection and Humanitarian Aid Operations (ECHO)","XI-IATI-EC_ECHO","Bilateral","Yes","Yes",202105,"Commitments",409.847139244629,"Yes"
"102","Directorate-General for European Civil Protection and Humanitarian Aid Operations (ECHO)","XI-IATI-EC_ECHO","Bilateral","Yes","Yes",202106,"Disbursements",368.572525614567,"Yes"
"103","Directorate-General for European Civil Protection and Humanitarian Aid Operations (ECHO)","XI-IATI-EC_ECHO","Bilateral","Yes","Yes",202106,"Commitments",398.57705383176,"Yes"
"104","Directorate-General for European Civil Protection and Humanitarian Aid Operations (ECHO)","XI-IATI-EC_ECHO","Bilateral","Yes","Yes",202107,"Disbursements",415.858166095194,"Yes"
"105","Directorate-General for European Civil Protection and Humanitarian Aid Operations (ECHO)","XI-IATI-EC_ECHO","Bilateral","Yes","Yes",202107,"Commitments",410.407368994008,"Yes"
"106","Directorate-General for European Civil Protection and Humanitarian Aid Operations (ECHO)","XI-IATI-EC_ECHO","Bilateral","Yes","Yes",202108,"Disbursements",410.798631791502,"Yes"
"107","Directorate-General for European Civil Protection and Humanitarian Aid Operations (ECHO)","XI-IATI-EC_ECHO","Bilateral","Yes","Yes",202108,"Commitments",106.902315126063,"Yes"
"108","Directorate-General for European Civil Protection and Humanitarian Aid Operations (ECHO)","XI-IATI-EC_ECHO","Bilateral","Yes","Yes",202109,"Disbursements",112.008935832705,"Yes"
"109","Directorate-General for European Civil Protection and Humanitarian Aid Operations (ECHO)","XI-IATI-EC_ECHO","Bilateral","Yes","Yes",202109,"Commitments",90.413496,"Yes"
"110","Directorate-General for European Civil Protection and Humanitarian Aid Operations (ECHO)","XI-IATI-EC_ECHO","Bilateral","Yes","Yes",202110,"Disbursements",204.167110847994,"Yes"
"111","Directorate-General for European Civil Protection and Humanitarian Aid Operations (ECHO)","XI-IATI-EC_ECHO","Bilateral","Yes","Yes",202110,"Commitments",65.219445,"Yes"
"112","Directorate-General for European Civil Protection and Humanitarian Aid Operations (ECHO)","XI-IATI-EC_ECHO","Bilateral","Yes","Yes",202111,"Disbursements",238.401003990744,"Yes"
"113","Directorate-General for European Civil Protection and Humanitarian Aid Operations (ECHO)","XI-IATI-EC_ECHO","Bilateral","Yes","Yes",202111,"Commitments",47.853989468289,"Yes"
"114","Directorate-General for European Civil Protection and Humanitarian Aid Operations (ECHO)","XI-IATI-EC_ECHO","Bilateral","Yes","Yes",202112,"Disbursements",136.74612744873,"Yes"
"115","Directorate-General for European Civil Protection and Humanitarian Aid Operations (ECHO)","XI-IATI-EC_ECHO","Bilateral","Yes","Yes",202112,"Commitments",15.423556059756,"Yes"
"116","Directorate-General for European Civil Protection and Humanitarian Aid Operations (ECHO)","XI-IATI-EC_ECHO","Bilateral","Yes","Yes",202201,"Disbursements",71.346579840228,"Yes"
"117","European Bank for Reconstruction and Development","XI-IATI-EBRD","IFI","Yes","Yes",202101,"Disbursements",61.829425460817,"Yes"
"118","European Bank for Reconstruction and Development","XI-IATI-EBRD","IFI","Yes","Yes",202101,"Commitments",202.630968242064,"Yes"
"119","European Bank for Reconstruction and Development","XI-IATI-EBRD","IFI","Yes","Yes",202102,"Disbursements",304.317103643874,"Yes"
"120","European Bank for Reconstruction and Development","XI-IATI-EBRD","IFI","Yes","Yes",202102,"Commitments",242.056432460565,"Yes"
"121","European Bank for Reconstruction and Development","XI-IATI-EBRD","IFI","Yes","Yes",202103,"Disbursements",159.199147572111,"Yes"
"122","European Bank for Reconstruction and Development","XI-IATI-EBRD","IFI","Yes","Yes",202103,"Commitments",646.012189343862,"Yes"
"123","European Bank for Reconstruction and Development","XI-IATI-EBRD","IFI","Yes","Yes",202104,"Disbursements",184.184288200224,"Yes"
"124","European Bank for Reconstruction and Development","XI-IATI-EBRD","IFI","Yes","Yes",202104,"Commitments",517.655382022611,"Yes"
"125","European Bank for Reconstruction and Development","XI-IATI-EBRD","IFI","Yes","Yes",202105,"Disbursements",29.066510743002,"Yes"
"126","European Bank for Reconstruction and Development","XI-IATI-EBRD","IFI","Yes","Yes",202105,"Commitments",208.231737677631,"Yes"
"127","European Bank for Reconstruction and Development","XI-IATI-EBRD","IFI","Yes","Yes",202106,"Disbursements",98.456117872914,"Yes"
"128","European Bank for Reconstruction and Development","XI-IATI-EBRD","IFI","Yes","Yes",202106,"Commitments",1133.38752936785,"Yes"
"129","European Bank for Reconstruction and Development","XI-IATI-EBRD","IFI","Yes","Yes",202107,"Disbursements",99.365518242504,"Yes"
"130","European Bank for Reconstruction and Development","XI-IATI-EBRD","IFI","Yes","Yes",202107,"Commitments",862.866975177036,"Yes"
"131","European Bank for Reconstruction and Development","XI-IATI-EBRD","IFI","Yes","Yes",202108,"Disbursements",83.658995973882,"Yes"
"132","European Bank for Reconstruction and Development","XI-IATI-EBRD","IFI","Yes","Yes",202108,"Commitments",463.512371954346,"Yes"
"133","European Bank for Reconstruction and Development","XI-IATI-EBRD","IFI","Yes","Yes",202109,"Disbursements",69.972090568461,"Yes"
"134","European Bank for Reconstruction and Development","XI-IATI-EBRD","IFI","Yes","Yes",202109,"Commitments",863.231197257288,"Yes"
"135","European Bank for Reconstruction and Development","XI-IATI-EBRD","IFI","Yes","Yes",202110,"Disbursements",91.359303221349,"Yes"
"136","European Bank for Reconstruction and Development","XI-IATI-EBRD","IFI","Yes","Yes",202110,"Commitments",160.88238625005,"Yes"
"137","European Commission - DG Neighbourhood and Enlargement Negotiations","XI-IATI-EC_NEAR","Bilateral","Yes","Yes",202101,"Disbursements",176.126710269798,"Yes"
"138","European Commission - DG Neighbourhood and Enlargement Negotiations","XI-IATI-EC_NEAR","Bilateral","Yes","Yes",202102,"Disbursements",257.6210354181,"Yes"
"139","European Commission - DG Neighbourhood and Enlargement Negotiations","XI-IATI-EC_NEAR","Bilateral","Yes","Yes",202102,"Commitments",-0.953066750822984,"Yes"
"140","European Commission - DG Neighbourhood and Enlargement Negotiations","XI-IATI-EC_NEAR","Bilateral","Yes","Yes",202103,"Disbursements",352.542546416763,"Yes"
"141","European Commission - DG Neighbourhood and Enlargement Negotiations","XI-IATI-EC_NEAR","Bilateral","Yes","Yes",202103,"Commitments",-60.646000745439,"Yes"
"142","European Commission - DG Neighbourhood and Enlargement Negotiations","XI-IATI-EC_NEAR","Bilateral","Yes","Yes",202104,"Disbursements",172.283248279908,"Yes"
"143","European Commission - DG Neighbourhood and Enlargement Negotiations","XI-IATI-EC_NEAR","Bilateral","Yes","Yes",202104,"Commitments",-11.981101399101,"Yes"
"144","European Commission - DG Neighbourhood and Enlargement Negotiations","XI-IATI-EC_NEAR","Bilateral","Yes","Yes",202105,"Disbursements",146.099890317816,"Yes"
"145","European Commission - DG Neighbourhood and Enlargement Negotiations","XI-IATI-EC_NEAR","Bilateral","Yes","Yes",202105,"Commitments",-0.344244815568,"Yes"
"146","European Commission - DG Neighbourhood and Enlargement Negotiations","XI-IATI-EC_NEAR","Bilateral","Yes","Yes",202106,"Disbursements",233.220932737875,"Yes"
"147","European Commission - DG Neighbourhood and Enlargement Negotiations","XI-IATI-EC_NEAR","Bilateral","Yes","Yes",202106,"Commitments",-32.020192374759,"Yes"
"148","European Commission - DG Neighbourhood and Enlargement Negotiations","XI-IATI-EC_NEAR","Bilateral","Yes","Yes",202107,"Disbursements",378.517116311811,"Yes"
"149","European Commission - DG Neighbourhood and Enlargement Negotiations","XI-IATI-EC_NEAR","Bilateral","Yes","Yes",202107,"Commitments",-10.447328911923,"Yes"
"150","European Commission - DG Neighbourhood and Enlargement Negotiations","XI-IATI-EC_NEAR","Bilateral","Yes","Yes",202108,"Disbursements",145.68807956004,"Yes"
"151","European Commission - DG Neighbourhood and Enlargement Negotiations","XI-IATI-EC_NEAR","Bilateral","Yes","Yes",202108,"Commitments",78.937080348528,"Yes"
"152","European Commission - DG Neighbourhood and Enlargement Negotiations","XI-IATI-EC_NEAR","Bilateral","Yes","Yes",202109,"Disbursements",228.603035701512,"Yes"
"153","European Commission - DG Neighbourhood and Enlargement Negotiations","XI-IATI-EC_NEAR","Bilateral","Yes","Yes",202109,"Commitments",28.325557685268,"Yes"
"154","European Commission - DG Neighbourhood and Enlargement Negotiations","XI-IATI-EC_NEAR","Bilateral","Yes","Yes",202110,"Disbursements",402.111068063193,"Yes"
"155","European Commission - DG Neighbourhood and Enlargement Negotiations","XI-IATI-EC_NEAR","Bilateral","Yes","Yes",202110,"Commitments",0.566518861026001,"Yes"
"156","European Commission - DG Neighbourhood and Enlargement Negotiations","XI-IATI-EC_NEAR","Bilateral","Yes","Yes",202111,"Disbursements",310.8142138689,"Yes"
"157","European Commission - DG Neighbourhood and Enlargement Negotiations","XI-IATI-EC_NEAR","Bilateral","Yes","Yes",202111,"Commitments",-16.412350429818,"Yes"
"158","European Commission - DG Neighbourhood and Enlargement Negotiations","XI-IATI-EC_NEAR","Bilateral","Yes","Yes",202112,"Disbursements",1020.70057979857,"Yes"
"159","European Commission - DG Neighbourhood and Enlargement Negotiations","XI-IATI-EC_NEAR","Bilateral","Yes","Yes",202112,"Commitments",3457.76812303346,"Yes"
"160","European Commission - Service for Foreign Policy Instruments","XI-IATI-EC_FPI","Bilateral","Yes","Yes",202101,"Disbursements",18.902119067352,"Yes"
"161","European Commission - Service for Foreign Policy Instruments","XI-IATI-EC_FPI","Bilateral","Yes","Yes",202102,"Disbursements",36.001602529911,"Yes"
"162","European Commission - Service for Foreign Policy Instruments","XI-IATI-EC_FPI","Bilateral","Yes","Yes",202102,"Commitments",-3.722791354992,"Yes"
"163","European Commission - Service for Foreign Policy Instruments","XI-IATI-EC_FPI","Bilateral","Yes","Yes",202103,"Disbursements",21.141206693802,"Yes"
"164","European Commission - Service for Foreign Policy Instruments","XI-IATI-EC_FPI","Bilateral","Yes","Yes",202103,"Commitments",-12.060645545709,"Yes"
"165","European Commission - Service for Foreign Policy Instruments","XI-IATI-EC_FPI","Bilateral","Yes","Yes",202104,"Disbursements",20.7988396326,"Yes"
"166","European Commission - Service for Foreign Policy Instruments","XI-IATI-EC_FPI","Bilateral","Yes","Yes",202104,"Commitments",-0.4505594571,"Yes"
"167","European Commission - Service for Foreign Policy Instruments","XI-IATI-EC_FPI","Bilateral","Yes","Yes",202105,"Disbursements",24.575629656168,"Yes"
"168","European Commission - Service for Foreign Policy Instruments","XI-IATI-EC_FPI","Bilateral","Yes","Yes",202105,"Commitments",-0.031426688151,"Yes"
"169","European Commission - Service for Foreign Policy Instruments","XI-IATI-EC_FPI","Bilateral","Yes","Yes",202106,"Disbursements",17.800924634676,"Yes"
"170","European Commission - Service for Foreign Policy Instruments","XI-IATI-EC_FPI","Bilateral","Yes","Yes",202106,"Commitments",-0.248389268796,"Yes"
"171","European Commission - Service for Foreign Policy Instruments","XI-IATI-EC_FPI","Bilateral","Yes","Yes",202107,"Disbursements",7.961763540348,"Yes"
"172","European Commission - Service for Foreign Policy Instruments","XI-IATI-EC_FPI","Bilateral","Yes","Yes",202107,"Commitments",45.70452,"Yes"
"173","European Commission - Service for Foreign Policy Instruments","XI-IATI-EC_FPI","Bilateral","Yes","Yes",202108,"Disbursements",27.053786958579,"Yes"
"174","European Commission - Service for Foreign Policy Instruments","XI-IATI-EC_FPI","Bilateral","Yes","Yes",202108,"Commitments",89.93835,"Yes"
"175","European Commission - Service for Foreign Policy Instruments","XI-IATI-EC_FPI","Bilateral","Yes","Yes",202109,"Disbursements",25.337618637813,"Yes"
"176","European Commission - Service for Foreign Policy Instruments","XI-IATI-EC_FPI","Bilateral","Yes","Yes",202109,"Commitments",106.2046542834,"Yes"
"177","European Commission - Service for Foreign Policy Instruments","XI-IATI-EC_FPI","Bilateral","Yes","Yes",202110,"Disbursements",30.28628288295,"Yes"
"178","European Commission - Service for Foreign Policy Instruments","XI-IATI-EC_FPI","Bilateral","Yes","Yes",202110,"Commitments",16.29072,"Yes"
"179","European Commission - Service for Foreign Policy Instruments","XI-IATI-EC_FPI","Bilateral","Yes","Yes",202111,"Disbursements",58.856121373995,"Yes"
"180","European Commission - Service for Foreign Policy Instruments","XI-IATI-EC_FPI","Bilateral","Yes","Yes",202111,"Commitments",7.46658,"Yes"
"181","European Commission - Service for Foreign Policy Instruments","XI-IATI-EC_FPI","Bilateral","Yes","Yes",202112,"Disbursements",63.218489654331,"Yes"
"182","European Commission - Service for Foreign Policy Instruments","XI-IATI-EC_FPI","Bilateral","Yes","Yes",202112,"Commitments",224.714099083095,"Yes"
"183","European Investment Bank","XM-DAC-918-3","Bilateral","Yes","No",202101,"Commitments",71.2719,"Yes"
"184","European Investment Bank","XM-DAC-918-3","Bilateral","Yes","No",202102,"Commitments",533.9736,"Yes"
"185","European Investment Bank","XM-DAC-918-3","Bilateral","Yes","No",202103,"Commitments",765.32445,"Yes"
"186","European Investment Bank","XM-DAC-918-3","Bilateral","Yes","No",202104,"Commitments",226.4050284259,"Yes"
"187","European Investment Bank","XM-DAC-918-3","Bilateral","Yes","No",202105,"Commitments",909.076665,"Yes"
"188","European Investment Bank","XM-DAC-918-3","Bilateral","Yes","No",202106,"Commitments",984.41874,"Yes"
"189","European Investment Bank","XM-DAC-918-3","Bilateral","Yes","No",202107,"Commitments",62.086375,"Yes"
"190","European Investment Bank","XM-DAC-918-3","Bilateral","Yes","No",202109,"Commitments",80.43543,"Yes"
"191","European Investment Bank","XM-DAC-918-3","Bilateral","Yes","No",202110,"Commitments",670.27795,"Yes"
"192","European Investment Bank","XM-DAC-918-3","Bilateral","Yes","No",202111,"Commitments",1054.857812,"Yes"
"193","European Investment Bank","XM-DAC-918-3","Bilateral","Yes","No",202112,"Disbursements",1101.16027713856,"Yes"
"194","European Investment Bank","XM-DAC-918-3","Bilateral","Yes","No",202112,"Commitments",235.87605,"Yes"
"195","Federal Ministry for Economic Cooperation and Development (BMZ)","DE-1","Bilateral","Yes","No",202101,"Commitments",3.6439173,"Yes"
"196","Federal Ministry for Economic Cooperation and Development (BMZ)","DE-1","Bilateral","Yes","No",202102,"Commitments",17.836720641,"Yes"
"197","Federal Ministry for Economic Cooperation and Development (BMZ)","DE-1","Bilateral","Yes","No",202103,"Commitments",6.7878,"Yes"
"198","Federal Ministry for Economic Cooperation and Development (BMZ)","DE-1","Bilateral","Yes","No",202104,"Commitments",7.33884729273,"Yes"
"199","Federal Ministry for Economic Cooperation and Development (BMZ)","DE-1","Bilateral","Yes","No",202105,"Commitments",0.08443819566,"Yes"
"200","Federal Ministry for Economic Cooperation and Development (BMZ)","DE-1","Bilateral","Yes","No",202106,"Disbursements",5.012215429905,"Yes"
"201","Federal Ministry for Economic Cooperation and Development (BMZ)","DE-1","Bilateral","Yes","No",202106,"Commitments",6.0455167371,"Yes"
"202","Federal Ministry for Economic Cooperation and Development (BMZ)","DE-1","Bilateral","Yes","No",202108,"Disbursements",1.620123926085,"Yes"
"203","Federal Ministry for Economic Cooperation and Development (BMZ)","DE-1","Bilateral","Yes","No",202108,"Commitments",49.127415219,"Yes"
"204","Federal Ministry for Economic Cooperation and Development (BMZ)","DE-1","Bilateral","Yes","No",202109,"Commitments",0.70054451505,"Yes"
"205","Federal Ministry for Economic Cooperation and Development (BMZ)","DE-1","Bilateral","Yes","No",202110,"Disbursements",0.5629699503,"Yes"
"206","Federal Ministry for Economic Cooperation and Development (BMZ)","DE-1","Bilateral","Yes","No",202110,"Commitments",10.6594129197,"Yes"
"207","Federal Ministry for Economic Cooperation and Development (BMZ)","DE-1","Bilateral","Yes","No",202111,"Disbursements",17.137772650449,"Yes"
"208","Federal Ministry for Economic Cooperation and Development (BMZ)","DE-1","Bilateral","Yes","No",202111,"Commitments",1.6536302604,"Yes"
"209","Foreign Affairs, Trade and Development Canada (DFATD)","CA-3","Bilateral","Yes","Yes",202101,"Disbursements",220.344852246174,"Yes"
"210","Foreign Affairs, Trade and Development Canada (DFATD)","CA-3","Bilateral","Yes","Yes",202101,"Commitments",56.738500437894,"Yes"
"211","Foreign Affairs, Trade and Development Canada (DFATD)","CA-3","Bilateral","Yes","Yes",202102,"Disbursements",171.997164506316,"Yes"
"212","Foreign Affairs, Trade and Development Canada (DFATD)","CA-3","Bilateral","Yes","Yes",202102,"Commitments",51.758045335863,"Yes"
"213","Foreign Affairs, Trade and Development Canada (DFATD)","CA-3","Bilateral","Yes","Yes",202103,"Disbursements",1084.03350428801,"Yes"
"214","Foreign Affairs, Trade and Development Canada (DFATD)","CA-3","Bilateral","Yes","Yes",202103,"Commitments",1075.32572082792,"Yes"
"215","Foreign Affairs, Trade and Development Canada (DFATD)","CA-3","Bilateral","Yes","Yes",202104,"Disbursements",62.985421310262,"Yes"
"216","Foreign Affairs, Trade and Development Canada (DFATD)","CA-3","Bilateral","Yes","Yes",202104,"Commitments",62.041393029,"Yes"
"217","Foreign Affairs, Trade and Development Canada (DFATD)","CA-3","Bilateral","Yes","Yes",202105,"Disbursements",86.707746227319,"Yes"
"218","Foreign Affairs, Trade and Development Canada (DFATD)","CA-3","Bilateral","Yes","Yes",202105,"Commitments",34.352676195,"Yes"
"219","Foreign Affairs, Trade and Development Canada (DFATD)","CA-3","Bilateral","Yes","Yes",202106,"Disbursements",91.592681930892,"Yes"
"220","Foreign Affairs, Trade and Development Canada (DFATD)","CA-3","Bilateral","Yes","Yes",202106,"Commitments",30.574604991222,"Yes"
"221","Foreign Affairs, Trade and Development Canada (DFATD)","CA-3","Bilateral","Yes","Yes",202107,"Disbursements",51.26499353931,"Yes"
"222","Foreign Affairs, Trade and Development Canada (DFATD)","CA-3","Bilateral","Yes","Yes",202107,"Commitments",97.0364706486,"Yes"
"223","Foreign Affairs, Trade and Development Canada (DFATD)","CA-3","Bilateral","Yes","Yes",202108,"Disbursements",52.365203813403,"Yes"
"224","Foreign Affairs, Trade and Development Canada (DFATD)","CA-3","Bilateral","Yes","Yes",202108,"Commitments",40.2888681666,"Yes"
"225","Foreign Affairs, Trade and Development Canada (DFATD)","CA-3","Bilateral","Yes","Yes",202109,"Disbursements",104.449466238972,"Yes"
"226","Foreign Affairs, Trade and Development Canada (DFATD)","CA-3","Bilateral","Yes","Yes",202109,"Commitments",102.9252648726,"Yes"
"227","Foreign Affairs, Trade and Development Canada (DFATD)","CA-3","Bilateral","Yes","Yes",202110,"Disbursements",60.555903142338,"Yes"
"228","Foreign Affairs, Trade and Development Canada (DFATD)","CA-3","Bilateral","Yes","Yes",202110,"Commitments",92.945554997724,"Yes"
"229","Foreign Affairs, Trade and Development Canada (DFATD)","CA-3","Bilateral","Yes","Yes",202111,"Disbursements",67.652627312058,"Yes"
"230","Foreign Affairs, Trade and Development Canada (DFATD)","CA-3","Bilateral","Yes","Yes",202111,"Commitments",23.6612869014,"Yes"
"231","Foreign Affairs, Trade and Development Canada (DFATD)","CA-3","Bilateral","Yes","Yes",202112,"Disbursements",90.815893928175,"Yes"
"232","Foreign Affairs, Trade and Development Canada (DFATD)","CA-3","Bilateral","Yes","Yes",202112,"Commitments",0.47880957,"Yes"
"233","Foreign Affairs, Trade and Development Canada (DFATD)","CA-3","Bilateral","Yes","Yes",202201,"Disbursements",43.082115052628,"Yes"
"234","Foreign, Commonwealth and Development Office","GB-GOV-1","Bilateral","No","Yes",202101,"Disbursements",438.780412420401,"No"
"235","Foreign, Commonwealth and Development Office","GB-GOV-1","Bilateral","No","Yes",202101,"Commitments",7.5948669562,"No"
"236","Foreign, Commonwealth and Development Office","GB-GOV-1","Bilateral","No","Yes",202102,"Disbursements",245.4352010665,"No"
"237","Foreign, Commonwealth and Development Office","GB-GOV-1","Bilateral","No","Yes",202102,"Commitments",13.7188307858,"No"
"238","Foreign, Commonwealth and Development Office","GB-GOV-1","Bilateral","No","Yes",202103,"Disbursements",810.688361846001,"No"
"239","Foreign, Commonwealth and Development Office","GB-GOV-1","Bilateral","No","Yes",202103,"Commitments",202.0087913626,"No"
"240","Foreign, Commonwealth and Development Office","GB-GOV-1","Bilateral","No","Yes",202104,"Disbursements",447.1379436047,"No"
"241","Foreign, Commonwealth and Development Office","GB-GOV-1","Bilateral","No","Yes",202104,"Commitments",420.1994166252,"No"
"242","Foreign, Commonwealth and Development Office","GB-GOV-1","Bilateral","No","Yes",202105,"Disbursements",404.3292868466,"No"
"243","Foreign, Commonwealth and Development Office","GB-GOV-1","Bilateral","No","Yes",202105,"Commitments",74.0726538575,"No"
"244","Foreign, Commonwealth and Development Office","GB-GOV-1","Bilateral","No","Yes",202106,"Disbursements",284.1837556124,"No"
"245","Foreign, Commonwealth and Development Office","GB-GOV-1","Bilateral","No","Yes",202106,"Commitments",321.5422321522,"No"
"246","Foreign, Commonwealth and Development Office","GB-GOV-1","Bilateral","No","Yes",202107,"Disbursements",709.036261757401,"No"
"247","Foreign, Commonwealth and Development Office","GB-GOV-1","Bilateral","No","Yes",202107,"Commitments",128.5010344362,"No"
"248","Foreign, Commonwealth and Development Office","GB-GOV-1","Bilateral","No","Yes",202108,"Disbursements",647.5326243517,"No"
"249","Foreign, Commonwealth and Development Office","GB-GOV-1","Bilateral","No","Yes",202108,"Commitments",394.4900786546,"No"
"250","Foreign, Commonwealth and Development Office","GB-GOV-1","Bilateral","No","Yes",202109,"Disbursements",285.7599733367,"No"
"251","Foreign, Commonwealth and Development Office","GB-GOV-1","Bilateral","No","Yes",202109,"Commitments",104.9177519416,"No"
"252","Foreign, Commonwealth and Development Office","GB-GOV-1","Bilateral","No","Yes",202110,"Disbursements",449.4939403349,"No"
"253","Foreign, Commonwealth and Development Office","GB-GOV-1","Bilateral","No","Yes",202110,"Commitments",97.1515150779,"No"
"254","Foreign, Commonwealth and Development Office","GB-GOV-1","Bilateral","No","Yes",202111,"Disbursements",552.9471120361,"No"
"255","Foreign, Commonwealth and Development Office","GB-GOV-1","Bilateral","No","Yes",202111,"Commitments",446.8219409773,"No"
"256","Foreign, Commonwealth and Development Office","GB-GOV-1","Bilateral","No","Yes",202112,"Commitments",214.7829293989,"No"
"257","Germany - Federal Foreign Office","XM-DAC-5-7","Bilateral","Yes","Yes",202101,"Disbursements",186.059652583993,"Yes"
"258","Germany - Federal Foreign Office","XM-DAC-5-7","Bilateral","Yes","Yes",202101,"Commitments",97.6497078196929,"Yes"
"259","Germany - Federal Foreign Office","XM-DAC-5-7","Bilateral","Yes","Yes",202102,"Disbursements",112.165416555218,"Yes"
"260","Germany - Federal Foreign Office","XM-DAC-5-7","Bilateral","Yes","Yes",202102,"Commitments",44.1418092181229,"Yes"
"261","Germany - Federal Foreign Office","XM-DAC-5-7","Bilateral","Yes","Yes",202103,"Disbursements",171.501960713233,"Yes"
"262","Germany - Federal Foreign Office","XM-DAC-5-7","Bilateral","Yes","Yes",202103,"Commitments",34.5417563130543,"Yes"
"263","Germany - Federal Foreign Office","XM-DAC-5-7","Bilateral","Yes","Yes",202104,"Disbursements",136.679845157788,"Yes"
"264","Germany - Federal Foreign Office","XM-DAC-5-7","Bilateral","Yes","Yes",202104,"Commitments",42.2112732710441,"Yes"
"265","Germany - Federal Foreign Office","XM-DAC-5-7","Bilateral","Yes","Yes",202105,"Disbursements",137.570170537344,"Yes"
"266","Germany - Federal Foreign Office","XM-DAC-5-7","Bilateral","Yes","Yes",202105,"Commitments",16.863861570417,"Yes"
"267","Germany - Federal Foreign Office","XM-DAC-5-7","Bilateral","Yes","Yes",202106,"Disbursements",96.0138648383906,"Yes"
"268","Germany - Federal Foreign Office","XM-DAC-5-7","Bilateral","Yes","Yes",202106,"Commitments",180.458386206688,"Yes"
"269","Germany - Federal Foreign Office","XM-DAC-5-7","Bilateral","Yes","Yes",202107,"Disbursements",287.789288709194,"Yes"
"270","Germany - Federal Foreign Office","XM-DAC-5-7","Bilateral","Yes","Yes",202107,"Commitments",19.191141441882,"Yes"
"271","Germany - Federal Foreign Office","XM-DAC-5-7","Bilateral","Yes","Yes",202108,"Disbursements",298.66766873331,"Yes"
"272","Germany - Federal Foreign Office","XM-DAC-5-7","Bilateral","Yes","Yes",202108,"Commitments",59.8307775175694,"Yes"
"273","Germany - Federal Foreign Office","XM-DAC-5-7","Bilateral","Yes","Yes",202109,"Disbursements",194.367865697446,"Yes"
"274","Germany - Federal Foreign Office","XM-DAC-5-7","Bilateral","Yes","Yes",202109,"Commitments",43.9371200494089,"Yes"
"275","Germany - Federal Foreign Office","XM-DAC-5-7","Bilateral","Yes","Yes",202110,"Disbursements",169.411292317316,"Yes"
"276","Germany - Federal Foreign Office","XM-DAC-5-7","Bilateral","Yes","Yes",202110,"Commitments",70.9794611300151,"Yes"
"277","Germany - Federal Foreign Office","XM-DAC-5-7","Bilateral","Yes","Yes",202111,"Disbursements",613.635960550056,"Yes"
"278","Germany - Federal Foreign Office","XM-DAC-5-7","Bilateral","Yes","Yes",202111,"Commitments",5.9305940915643,"Yes"
"279","Germany - Federal Foreign Office","XM-DAC-5-7","Bilateral","Yes","Yes",202112,"Disbursements",0.30616733916,"Yes"
"280","Germany - Federal Foreign Office","XM-DAC-5-7","Bilateral","Yes","Yes",202112,"Commitments",14.0684214312,"Yes"
"281","Inter-American Development Bank","XI-IATI-IADB","IFI","Yes","Yes",202101,"Disbursements",925.410035,"Yes"
"282","Inter-American Development Bank","XI-IATI-IADB","IFI","Yes","Yes",202102,"Disbursements",112.259993,"Yes"
"283","Inter-American Development Bank","XI-IATI-IADB","IFI","Yes","Yes",202103,"Disbursements",581.313382,"Yes"
"284","Inter-American Development Bank","XI-IATI-IADB","IFI","Yes","Yes",202103,"Commitments",322.86274,"Yes"
"285","Inter-American Development Bank","XI-IATI-IADB","IFI","Yes","Yes",202104,"Disbursements",390.800363,"Yes"
"286","Inter-American Development Bank","XI-IATI-IADB","IFI","Yes","Yes",202104,"Commitments",284.3,"Yes"
"287","Inter-American Development Bank","XI-IATI-IADB","IFI","Yes","Yes",202105,"Disbursements",184.585005,"Yes"
"288","Inter-American Development Bank","XI-IATI-IADB","IFI","Yes","Yes",202105,"Commitments",740,"Yes"
"289","Inter-American Development Bank","XI-IATI-IADB","IFI","Yes","Yes",202106,"Disbursements",1982.950572,"Yes"
"290","Inter-American Development Bank","XI-IATI-IADB","IFI","Yes","Yes",202106,"Commitments",1120,"Yes"
"291","Inter-American Development Bank","XI-IATI-IADB","IFI","Yes","Yes",202107,"Disbursements",191.161101,"Yes"
"292","Inter-American Development Bank","XI-IATI-IADB","IFI","Yes","Yes",202107,"Commitments",904,"Yes"
"293","Inter-American Development Bank","XI-IATI-IADB","IFI","Yes","Yes",202108,"Disbursements",345.981372,"Yes"
"294","Inter-American Development Bank","XI-IATI-IADB","IFI","Yes","Yes",202108,"Commitments",295,"Yes"
"295","Inter-American Development Bank","XI-IATI-IADB","IFI","Yes","Yes",202109,"Disbursements",1355.165718,"Yes"
"296","Inter-American Development Bank","XI-IATI-IADB","IFI","Yes","Yes",202110,"Disbursements",505.737944,"Yes"
"297","Inter-American Development Bank","XI-IATI-IADB","IFI","Yes","Yes",202111,"Disbursements",1582.6666,"Yes"
"298","Inter-American Development Bank","XI-IATI-IADB","IFI","Yes","Yes",202111,"Commitments",300,"Yes"
"299","International Finance Corporation","XM-DAC-903","IFI","Yes","No",202101,"Commitments",838.46,"Yes"
"300","International Finance Corporation","XM-DAC-903","IFI","Yes","No",202102,"Commitments",1227.16,"Yes"
"301","International Finance Corporation","XM-DAC-903","IFI","Yes","No",202103,"Commitments",2121.12,"Yes"
"302","International Finance Corporation","XM-DAC-903","IFI","Yes","No",202104,"Commitments",1023.61,"Yes"
"303","International Finance Corporation","XM-DAC-903","IFI","Yes","No",202105,"Commitments",1371.53,"Yes"
"304","International Finance Corporation","XM-DAC-903","IFI","Yes","No",202106,"Commitments",4309.43,"Yes"
"305","International Finance Corporation","XM-DAC-903","IFI","Yes","No",202107,"Commitments",171.72,"Yes"
"306","International Finance Corporation","XM-DAC-903","IFI","Yes","No",202108,"Commitments",144.32,"Yes"
"307","International Finance Corporation","XM-DAC-903","IFI","Yes","No",202109,"Commitments",950.13,"Yes"
"308","International Finance Corporation","XM-DAC-903","IFI","Yes","No",202110,"Commitments",343.17,"Yes"
"309","International Finance Corporation","XM-DAC-903","IFI","Yes","No",202111,"Commitments",267.03,"Yes"
"310","International Fund for Agricultural Development","XM-DAC-41108","Multilateral","No","Yes",202101,"Disbursements",48.325033986936,"No"
"311","International Fund for Agricultural Development","XM-DAC-41108","Multilateral","No","Yes",202101,"Commitments",45.322409,"No"
"312","International Fund for Agricultural Development","XM-DAC-41108","Multilateral","No","Yes",202102,"Disbursements",36.86611898263,"No"
"313","International Fund for Agricultural Development","XM-DAC-41108","Multilateral","No","Yes",202102,"Commitments",10.163712,"No"
"314","International Fund for Agricultural Development","XM-DAC-41108","Multilateral","No","Yes",202103,"Disbursements",43.951223175853,"No"
"315","International Fund for Agricultural Development","XM-DAC-41108","Multilateral","No","Yes",202103,"Commitments",53.07266,"No"
"316","International Fund for Agricultural Development","XM-DAC-41108","Multilateral","No","Yes",202104,"Disbursements",37.782349671001,"No"
"317","International Fund for Agricultural Development","XM-DAC-41108","Multilateral","No","Yes",202104,"Commitments",40.602975,"No"
"318","International Fund for Agricultural Development","XM-DAC-41108","Multilateral","No","Yes",202105,"Disbursements",38.073809651756,"No"
"319","International Fund for Agricultural Development","XM-DAC-41108","Multilateral","No","Yes",202105,"Commitments",0.655,"No"
"320","International Fund for Agricultural Development","XM-DAC-41108","Multilateral","No","Yes",202106,"Disbursements",31.078816029069,"No"
"321","International Fund for Agricultural Development","XM-DAC-41108","Multilateral","No","Yes",202106,"Commitments",98.781875,"No"
"322","International Fund for Agricultural Development","XM-DAC-41108","Multilateral","No","Yes",202107,"Disbursements",56.318447932328,"No"
"323","International Fund for Agricultural Development","XM-DAC-41108","Multilateral","No","Yes",202107,"Commitments",56.640535,"No"
"324","International Fund for Agricultural Development","XM-DAC-41108","Multilateral","No","Yes",202108,"Disbursements",27.606361237813,"No"
"325","International Fund for Agricultural Development","XM-DAC-41108","Multilateral","No","Yes",202108,"Commitments",7.736871,"No"
"326","International Fund for Agricultural Development","XM-DAC-41108","Multilateral","No","Yes",202109,"Disbursements",38.768679678046,"No"
"327","International Fund for Agricultural Development","XM-DAC-41108","Multilateral","No","Yes",202109,"Commitments",33.384663,"No"
"328","International Fund for Agricultural Development","XM-DAC-41108","Multilateral","No","Yes",202110,"Disbursements",41.835690157141,"No"
"329","International Fund for Agricultural Development","XM-DAC-41108","Multilateral","No","Yes",202110,"Commitments",10.74735,"No"
"330","International Fund for Agricultural Development","XM-DAC-41108","Multilateral","No","Yes",202111,"Disbursements",65.600262049283,"No"
"331","International Fund for Agricultural Development","XM-DAC-41108","Multilateral","No","Yes",202111,"Commitments",23.6045745,"No"
"332","International Fund for Agricultural Development","XM-DAC-41108","Multilateral","No","Yes",202112,"Disbursements",111.26817685378,"No"
"333","International Fund for Agricultural Development","XM-DAC-41108","Multilateral","No","Yes",202112,"Commitments",159.9829722618,"No"
"334","International Fund for Agricultural Development","XM-DAC-41108","Multilateral","No","Yes",202201,"Disbursements",14.448163879358,"No"
"335","International Fund for Agricultural Development","XM-DAC-41108","Multilateral","No","Yes",202206,"Commitments",9.790882,"No"
"336","Ministry for Foreign Affairs of Finland","FI-3","Bilateral","No","Yes",202101,"Disbursements",104.35086164331,"No"
"337","Ministry for Foreign Affairs of Finland","FI-3","Bilateral","No","Yes",202101,"Commitments",0.1210491,"No"
"338","Ministry for Foreign Affairs of Finland","FI-3","Bilateral","No","Yes",202102,"Disbursements",37.800924421248,"No"
"339","Ministry for Foreign Affairs of Finland","FI-3","Bilateral","No","Yes",202102,"Commitments",26.6564859039,"No"
"340","Ministry for Foreign Affairs of Finland","FI-3","Bilateral","No","Yes",202103,"Disbursements",21.794158933794,"No"
"341","Ministry for Foreign Affairs of Finland","FI-3","Bilateral","No","Yes",202103,"Commitments",94.5291065724,"No"
"342","Ministry for Foreign Affairs of Finland","FI-3","Bilateral","No","Yes",202104,"Disbursements",34.05829852638,"No"
"343","Ministry for Foreign Affairs of Finland","FI-3","Bilateral","No","Yes",202104,"Commitments",11.0058282927,"No"
"344","Ministry for Foreign Affairs of Finland","FI-3","Bilateral","No","Yes",202105,"Disbursements",60.05027317779,"No"
"345","Ministry for Foreign Affairs of Finland","FI-3","Bilateral","No","Yes",202105,"Commitments",32.1029781597,"No"
"346","Ministry for Foreign Affairs of Finland","FI-3","Bilateral","No","Yes",202106,"Disbursements",58.474835613018,"No"
"347","Ministry for Foreign Affairs of Finland","FI-3","Bilateral","No","Yes",202106,"Commitments",133.0584253317,"No"
"348","Ministry for Foreign Affairs of Finland","FI-3","Bilateral","No","Yes",202107,"Disbursements",29.39839067583,"No"
"349","Ministry for Foreign Affairs of Finland","FI-3","Bilateral","No","Yes",202107,"Commitments",11.6910103194,"No"
"350","Ministry for Foreign Affairs of Finland","FI-3","Bilateral","No","Yes",202108,"Disbursements",23.2831959273,"No"
"351","Ministry for Foreign Affairs of Finland","FI-3","Bilateral","No","Yes",202108,"Commitments",8.303742,"No"
"352","Ministry for Foreign Affairs of Finland","FI-3","Bilateral","No","Yes",202109,"Disbursements",60.344558823753,"No"
"353","Ministry for Foreign Affairs of Finland","FI-3","Bilateral","No","Yes",202109,"Commitments",49.9835683521,"No"
"354","Ministry for Foreign Affairs of Finland","FI-3","Bilateral","No","Yes",202110,"Disbursements",75.106392398649,"No"
"355","Ministry for Foreign Affairs of Finland","FI-3","Bilateral","No","Yes",202110,"Commitments",40.2895502874,"No"
"356","Ministry for Foreign Affairs of Finland","FI-3","Bilateral","No","Yes",202111,"Disbursements",124.885462697748,"No"
"357","Ministry for Foreign Affairs of Finland","FI-3","Bilateral","No","Yes",202111,"Commitments",0.6438375369,"No"
"358","Ministry for Foreign Affairs of Finland","FI-3","Bilateral","No","Yes",202112,"Disbursements",1.88510227263,"No"
"359","Ministry for Foreign Affairs of Finland","FI-3","Bilateral","No","Yes",202112,"Commitments",178.250139486,"No"
"360","Ministry of Foreign Affairs, Denmark","XM-DAC-3-1","Bilateral","Yes","Yes",202101,"Disbursements",144.933062626056,"Yes"
"361","Ministry of Foreign Affairs, Denmark","XM-DAC-3-1","Bilateral","Yes","Yes",202101,"Commitments",311.027224902396,"Yes"
"362","Ministry of Foreign Affairs, Denmark","XM-DAC-3-1","Bilateral","Yes","Yes",202102,"Disbursements",306.43573113798,"Yes"
"363","Ministry of Foreign Affairs, Denmark","XM-DAC-3-1","Bilateral","Yes","Yes",202102,"Commitments",174.7563745404,"Yes"
"364","Ministry of Foreign Affairs, Denmark","XM-DAC-3-1","Bilateral","Yes","Yes",202103,"Disbursements",292.312814461848,"Yes"
"365","Ministry of Foreign Affairs, Denmark","XM-DAC-3-1","Bilateral","Yes","Yes",202103,"Commitments",231.309899854764,"Yes"
"366","Ministry of Foreign Affairs, Denmark","XM-DAC-3-1","Bilateral","Yes","Yes",202104,"Disbursements",88.558085262444,"Yes"
"367","Ministry of Foreign Affairs, Denmark","XM-DAC-3-1","Bilateral","Yes","Yes",202104,"Commitments",162.030550716,"Yes"
"368","Ministry of Foreign Affairs, Denmark","XM-DAC-3-1","Bilateral","Yes","Yes",202105,"Disbursements",81.255300395856,"Yes"
"369","Ministry of Foreign Affairs, Denmark","XM-DAC-3-1","Bilateral","Yes","Yes",202105,"Commitments",30.0397790364,"Yes"
"370","Ministry of Foreign Affairs, Denmark","XM-DAC-3-1","Bilateral","Yes","Yes",202106,"Disbursements",219.692671497192,"Yes"
"371","Ministry of Foreign Affairs, Denmark","XM-DAC-3-1","Bilateral","Yes","Yes",202106,"Commitments",184.9416158412,"Yes"
"372","Ministry of Foreign Affairs, Denmark","XM-DAC-3-1","Bilateral","Yes","Yes",202107,"Disbursements",151.849562758992,"Yes"
"373","Ministry of Foreign Affairs, Denmark","XM-DAC-3-1","Bilateral","Yes","Yes",202107,"Commitments",75.095897340036,"Yes"
"374","Ministry of Foreign Affairs, Denmark","XM-DAC-3-1","Bilateral","Yes","Yes",202108,"Disbursements",89.2155027985081,"Yes"
"375","Ministry of Foreign Affairs, Denmark","XM-DAC-3-1","Bilateral","Yes","Yes",202108,"Commitments",56.1660297048,"Yes"
"376","Ministry of Foreign Affairs, Denmark","XM-DAC-3-1","Bilateral","Yes","Yes",202109,"Disbursements",157.727866687908,"Yes"
"377","Ministry of Foreign Affairs, Denmark","XM-DAC-3-1","Bilateral","Yes","Yes",202109,"Commitments",102.176114799,"Yes"
"378","Ministry of Foreign Affairs, Denmark","XM-DAC-3-1","Bilateral","Yes","Yes",202110,"Disbursements",30.696173467068,"Yes"
"379","Ministry of Foreign Affairs, Denmark","XM-DAC-3-1","Bilateral","Yes","Yes",202110,"Commitments",16.34316452976,"Yes"
"380","Ministry of Foreign Affairs, Denmark","XM-DAC-3-1","Bilateral","Yes","Yes",202111,"Disbursements",104.436681378696,"Yes"
"381","Ministry of Foreign Affairs, Denmark","XM-DAC-3-1","Bilateral","Yes","Yes",202111,"Commitments",30.056550504,"Yes"
"382","Ministry of Foreign Affairs, Denmark","XM-DAC-3-1","Bilateral","Yes","Yes",202112,"Disbursements",566.15209397244,"Yes"
"383","Ministry of Foreign Affairs, Denmark","XM-DAC-3-1","Bilateral","Yes","Yes",202112,"Commitments",540.17475440322,"Yes"
"384","Ministry of Foreign Affairs, Denmark","XM-DAC-3-1","Bilateral","Yes","Yes",202201,"Disbursements",10.553650429371,"Yes"
"385","Ministry of Foreign Affairs, Denmark","XM-DAC-3-1","Bilateral","Yes","Yes",202201,"Commitments",3.910939441773,"Yes"
"386","Ministry of Foreign Affairs of the Netherlands","XM-DAC-7","Bilateral","Yes","Yes",202101,"Disbursements",386.0143630605,"Yes"
"387","Ministry of Foreign Affairs of the Netherlands","XM-DAC-7","Bilateral","Yes","Yes",202101,"Commitments",57.0888891918,"Yes"
"388","Ministry of Foreign Affairs of the Netherlands","XM-DAC-7","Bilateral","Yes","Yes",202102,"Disbursements",255.6410997735,"Yes"
"389","Ministry of Foreign Affairs of the Netherlands","XM-DAC-7","Bilateral","Yes","Yes",202102,"Commitments",168.0169121649,"Yes"
"390","Ministry of Foreign Affairs of the Netherlands","XM-DAC-7","Bilateral","Yes","Yes",202103,"Disbursements",287.9528570856,"Yes"
"391","Ministry of Foreign Affairs of the Netherlands","XM-DAC-7","Bilateral","Yes","Yes",202103,"Commitments",203.0029800921,"Yes"
"392","Ministry of Foreign Affairs of the Netherlands","XM-DAC-7","Bilateral","Yes","Yes",202104,"Disbursements",227.5755242859,"Yes"
"393","Ministry of Foreign Affairs of the Netherlands","XM-DAC-7","Bilateral","Yes","Yes",202104,"Commitments",123.130827756,"Yes"
"394","Ministry of Foreign Affairs of the Netherlands","XM-DAC-7","Bilateral","Yes","Yes",202105,"Disbursements",196.2686645622,"Yes"
"395","Ministry of Foreign Affairs of the Netherlands","XM-DAC-7","Bilateral","Yes","Yes",202105,"Commitments",293.3688868263,"Yes"
"396","Ministry of Foreign Affairs of the Netherlands","XM-DAC-7","Bilateral","Yes","Yes",202106,"Disbursements",241.4894848029,"Yes"
"397","Ministry of Foreign Affairs of the Netherlands","XM-DAC-7","Bilateral","Yes","Yes",202106,"Commitments",123.8578724079,"Yes"
"398","Ministry of Foreign Affairs of the Netherlands","XM-DAC-7","Bilateral","Yes","Yes",202107,"Disbursements",214.3976961537,"Yes"
"399","Ministry of Foreign Affairs of the Netherlands","XM-DAC-7","Bilateral","Yes","Yes",202107,"Commitments",135.469807119901,"Yes"
"400","Ministry of Foreign Affairs of the Netherlands","XM-DAC-7","Bilateral","Yes","Yes",202108,"Disbursements",223.8382272213,"Yes"
"401","Ministry of Foreign Affairs of the Netherlands","XM-DAC-7","Bilateral","Yes","Yes",202108,"Commitments",158.5111740966,"Yes"
"402","Ministry of Foreign Affairs of the Netherlands","XM-DAC-7","Bilateral","Yes","Yes",202109,"Disbursements",257.3821738674,"Yes"
"403","Ministry of Foreign Affairs of the Netherlands","XM-DAC-7","Bilateral","Yes","Yes",202109,"Commitments",201.5403777558,"Yes"
"404","Ministry of Foreign Affairs of the Netherlands","XM-DAC-7","Bilateral","Yes","Yes",202110,"Disbursements",223.3001028816,"Yes"
"405","Ministry of Foreign Affairs of the Netherlands","XM-DAC-7","Bilateral","Yes","Yes",202110,"Commitments",197.7752846502,"Yes"
"406","Ministry of Foreign Affairs of the Netherlands","XM-DAC-7","Bilateral","Yes","Yes",202111,"Disbursements",824.8346062794,"Yes"
"407","Ministry of Foreign Affairs of the Netherlands","XM-DAC-7","Bilateral","Yes","Yes",202111,"Commitments",645.1404528474,"Yes"
"408","Ministry of Foreign Affairs of the Netherlands","XM-DAC-7","Bilateral","Yes","Yes",202112,"Disbursements",457.5493457442,"Yes"
"409","Ministry of Foreign Affairs of the Netherlands","XM-DAC-7","Bilateral","Yes","Yes",202112,"Commitments",420.5168839539,"Yes"
"410","Multilateral Investment Fund","XI-IATI-MIF","Multilateral","Yes","Yes",202101,"Disbursements",1,"Yes"
"411","Multilateral Investment Fund","XI-IATI-MIF","Multilateral","Yes","Yes",202101,"Commitments",1,"Yes"
"412","Multilateral Investment Fund","XI-IATI-MIF","Multilateral","Yes","Yes",202102,"Disbursements",2.5,"Yes"
"413","Multilateral Investment Fund","XI-IATI-MIF","Multilateral","Yes","Yes",202102,"Commitments",2,"Yes"
"414","Multilateral Investment Fund","XI-IATI-MIF","Multilateral","Yes","Yes",202104,"Disbursements",4.2875,"Yes"
"415","Multilateral Investment Fund","XI-IATI-MIF","Multilateral","Yes","Yes",202105,"Disbursements",0.25,"Yes"
"416","Multilateral Investment Fund","XI-IATI-MIF","Multilateral","Yes","Yes",202106,"Disbursements",4.5,"Yes"
"417","Netherlands Enterprise Agency","NL-KVK-27378529","Bilateral","Yes","Yes",202101,"Disbursements",1.435642631451,"Yes"
"418","Netherlands Enterprise Agency","NL-KVK-27378529","Bilateral","Yes","Yes",202101,"Commitments",17.640786574251,"Yes"
"419","Netherlands Enterprise Agency","NL-KVK-27378529","Bilateral","Yes","Yes",202102,"Disbursements",21.340885261734,"Yes"
"420","Netherlands Enterprise Agency","NL-KVK-27378529","Bilateral","Yes","Yes",202102,"Commitments",2.470666795416,"Yes"
"421","Netherlands Enterprise Agency","NL-KVK-27378529","Bilateral","Yes","Yes",202103,"Disbursements",2.639139109002,"Yes"
"422","Netherlands Enterprise Agency","NL-KVK-27378529","Bilateral","Yes","Yes",202103,"Commitments",2.107136482488,"Yes"
"423","Netherlands Enterprise Agency","NL-KVK-27378529","Bilateral","Yes","Yes",202104,"Disbursements",6.679123102251,"Yes"
"424","Netherlands Enterprise Agency","NL-KVK-27378529","Bilateral","Yes","Yes",202104,"Commitments",0.043817692608,"Yes"
"425","Netherlands Enterprise Agency","NL-KVK-27378529","Bilateral","Yes","Yes",202105,"Disbursements",1.27781025093,"Yes"
"426","Netherlands Enterprise Agency","NL-KVK-27378529","Bilateral","Yes","Yes",202105,"Commitments",-1.850826948453,"Yes"
"427","Netherlands Enterprise Agency","NL-KVK-27378529","Bilateral","Yes","Yes",202106,"Disbursements",4.359163126428,"Yes"
"428","Netherlands Enterprise Agency","NL-KVK-27378529","Bilateral","Yes","Yes",202106,"Commitments",3.447434303865,"Yes"
"429","Netherlands Enterprise Agency","NL-KVK-27378529","Bilateral","Yes","Yes",202107,"Disbursements",7.683195407301,"Yes"
"430","Netherlands Enterprise Agency","NL-KVK-27378529","Bilateral","Yes","Yes",202107,"Commitments",5.221008338913,"Yes"
"431","Netherlands Enterprise Agency","NL-KVK-27378529","Bilateral","Yes","Yes",202108,"Disbursements",3.890028617055,"Yes"
"432","Netherlands Enterprise Agency","NL-KVK-27378529","Bilateral","Yes","Yes",202108,"Commitments",-9.44801201511,"Yes"
"433","Netherlands Enterprise Agency","NL-KVK-27378529","Bilateral","Yes","Yes",202109,"Disbursements",3.401434129923,"Yes"
"434","Netherlands Enterprise Agency","NL-KVK-27378529","Bilateral","Yes","Yes",202109,"Commitments",1.894237542756,"Yes"
"435","Netherlands Enterprise Agency","NL-KVK-27378529","Bilateral","Yes","Yes",202110,"Disbursements",8.670495409254,"Yes"
"436","Netherlands Enterprise Agency","NL-KVK-27378529","Bilateral","Yes","Yes",202110,"Commitments",0.950113842876,"Yes"
"437","Netherlands Enterprise Agency","NL-KVK-27378529","Bilateral","Yes","Yes",202111,"Disbursements",7.761984988122,"Yes"
"438","Netherlands Enterprise Agency","NL-KVK-27378529","Bilateral","Yes","Yes",202111,"Commitments",1.706587759647,"Yes"
"439","Netherlands Enterprise Agency","NL-KVK-27378529","Bilateral","Yes","Yes",202112,"Disbursements",15.711643584531,"Yes"
"440","Netherlands Enterprise Agency","NL-KVK-27378529","Bilateral","Yes","Yes",202112,"Commitments",3.19999710321,"Yes"
"441","Netherlands Enterprise Agency","NL-KVK-27378529","Bilateral","Yes","Yes",202201,"Disbursements",1.145456052336,"Yes"
"442","New Zealand Ministry of Foreign Affairs and Trade","NZ-1","Bilateral","Yes","Yes",202101,"Commitments",9.90000946711501,"Yes"
"443","New Zealand Ministry of Foreign Affairs and Trade","NZ-1","Bilateral","Yes","Yes",202102,"Commitments",7.47470640708,"Yes"
"444","New Zealand Ministry of Foreign Affairs and Trade","NZ-1","Bilateral","Yes","Yes",202103,"Commitments",-0.186591158223,"Yes"
"445","New Zealand Ministry of Foreign Affairs and Trade","NZ-1","Bilateral","Yes","Yes",202104,"Commitments",4.316480686884,"Yes"
"446","New Zealand Ministry of Foreign Affairs and Trade","NZ-1","Bilateral","Yes","Yes",202105,"Commitments",28.405597323069,"Yes"
"447","New Zealand Ministry of Foreign Affairs and Trade","NZ-1","Bilateral","Yes","Yes",202106,"Commitments",74.567881308015,"Yes"
"448","New Zealand Ministry of Foreign Affairs and Trade","NZ-1","Bilateral","Yes","Yes",202107,"Commitments",14.133500323419,"Yes"
"449","New Zealand Ministry of Foreign Affairs and Trade","NZ-1","Bilateral","Yes","Yes",202108,"Commitments",21.575624336973,"Yes"
"450","New Zealand Ministry of Foreign Affairs and Trade","NZ-1","Bilateral","Yes","Yes",202109,"Commitments",26.107663368279,"Yes"
"451","New Zealand Ministry of Foreign Affairs and Trade","NZ-1","Bilateral","Yes","Yes",202110,"Commitments",25.585369322571,"Yes"
"452","New Zealand Ministry of Foreign Affairs and Trade","NZ-1","Bilateral","Yes","Yes",202111,"Commitments",-2.225180897667,"Yes"
"453","New Zealand Ministry of Foreign Affairs and Trade","NZ-1","Bilateral","Yes","Yes",202112,"Commitments",19.835673239715,"Yes"
"454","Norad - Norwegian Agency for Development Cooperation","NO-BRC-971277882","Bilateral","Yes","Yes",202101,"Commitments",275.6276824789,"Yes"
"455","Norad - Norwegian Agency for Development Cooperation","NO-BRC-971277882","Bilateral","Yes","Yes",202102,"Commitments",121.52566,"Yes"
"456","Norad - Norwegian Agency for Development Cooperation","NO-BRC-971277882","Bilateral","Yes","Yes",202103,"Commitments",5.768088529,"Yes"
"457","Sweden","SE-0","Bilateral","Yes","Yes",202101,"Disbursements",609.369870601681,"Yes"
"458","Sweden","SE-0","Bilateral","Yes","Yes",202101,"Commitments",2390.43300384633,"Yes"
"459","Sweden","SE-0","Bilateral","Yes","Yes",202102,"Disbursements",148.07702346982,"Yes"
"460","Sweden","SE-0","Bilateral","Yes","Yes",202102,"Commitments",76.6982054789803,"Yes"
"461","Sweden","SE-0","Bilateral","Yes","Yes",202103,"Disbursements",1036.18404105454,"Yes"
"462","Sweden","SE-0","Bilateral","Yes","Yes",202103,"Commitments",127.161038796008,"Yes"
"463","Sweden","SE-0","Bilateral","Yes","Yes",202104,"Disbursements",439.326810618152,"Yes"
"464","Sweden","SE-0","Bilateral","Yes","Yes",202104,"Commitments",143.626947063346,"Yes"
"465","Sweden","SE-0","Bilateral","Yes","Yes",202105,"Disbursements",264.782725464307,"Yes"
"466","Sweden","SE-0","Bilateral","Yes","Yes",202105,"Commitments",80.716234730742,"Yes"
"467","Sweden","SE-0","Bilateral","Yes","Yes",202106,"Disbursements",318.949230196551,"Yes"
"468","Sweden","SE-0","Bilateral","Yes","Yes",202106,"Commitments",131.77259878386,"Yes"
"469","Sweden","SE-0","Bilateral","Yes","Yes",202107,"Disbursements",245.865632563113,"Yes"
"470","Sweden","SE-0","Bilateral","Yes","Yes",202107,"Commitments",267.166400213867,"Yes"
"471","Sweden","SE-0","Bilateral","Yes","Yes",202108,"Disbursements",128.845456567109,"Yes"
"472","Sweden","SE-0","Bilateral","Yes","Yes",202108,"Commitments",81.7273472534273,"Yes"
"473","Sweden","SE-0","Bilateral","Yes","Yes",202109,"Disbursements",213.161189083107,"Yes"
"474","Sweden","SE-0","Bilateral","Yes","Yes",202109,"Commitments",64.717574730966,"Yes"
"475","Sweden","SE-0","Bilateral","Yes","Yes",202110,"Disbursements",293.496873299417,"Yes"
"476","Sweden","SE-0","Bilateral","Yes","Yes",202110,"Commitments",78.75295091042,"Yes"
"477","Sweden","SE-0","Bilateral","Yes","Yes",202111,"Disbursements",454.785172857964,"Yes"
"478","Sweden","SE-0","Bilateral","Yes","Yes",202111,"Commitments",208.519231788178,"Yes"
"479","Sweden","SE-0","Bilateral","Yes","Yes",202112,"Disbursements",629.75138174358,"Yes"
"480","Sweden","SE-0","Bilateral","Yes","Yes",202112,"Commitments",360.023020293763,"Yes"
"481","Sweden","SE-0","Bilateral","Yes","Yes",202201,"Disbursements",0.266600751381695,"Yes"
"482","Sweden","SE-0","Bilateral","Yes","Yes",202201,"Commitments",2675.02013601175,"Yes"
"483","Sweden","SE-0","Bilateral","Yes","Yes",202202,"Commitments",0.16287175478,"Yes"
"484","The federal government of the United States","US-USAGOV","Bilateral","Yes","No",202101,"Disbursements",195.58209995,"Yes"
"485","The federal government of the United States","US-USAGOV","Bilateral","Yes","No",202101,"Commitments",184.99087289,"Yes"
"486","The federal government of the United States","US-USAGOV","Bilateral","Yes","No",202102,"Disbursements",354.448134990001,"Yes"
"487","The federal government of the United States","US-USAGOV","Bilateral","Yes","No",202102,"Commitments",161.896962879999,"Yes"
"488","The federal government of the United States","US-USAGOV","Bilateral","Yes","No",202103,"Disbursements",2392.35512925,"Yes"
"489","The federal government of the United States","US-USAGOV","Bilateral","Yes","No",202103,"Commitments",2199.64830946999,"Yes"
"490","The federal government of the United States","US-USAGOV","Bilateral","Yes","No",202104,"Disbursements",453.587013670001,"Yes"
"491","The federal government of the United States","US-USAGOV","Bilateral","Yes","No",202104,"Commitments",425.847538349999,"Yes"
"492","The federal government of the United States","US-USAGOV","Bilateral","Yes","No",202105,"Disbursements",272.53455745,"Yes"
"493","The federal government of the United States","US-USAGOV","Bilateral","Yes","No",202105,"Commitments",553.520255899999,"Yes"
"494","The federal government of the United States","US-USAGOV","Bilateral","Yes","No",202106,"Disbursements",577.576662210001,"Yes"
"495","The federal government of the United States","US-USAGOV","Bilateral","Yes","No",202106,"Commitments",48.2397961199999,"Yes"
"496","The federal government of the United States","US-USAGOV","Bilateral","Yes","No",202107,"Disbursements",4.48340163,"Yes"
"497","The federal government of the United States","US-USAGOV","Bilateral","Yes","No",202107,"Commitments",45.43174885,"Yes"
"498","The Global Fund to Fight AIDS, Tuberculosis and Malaria","47045","Multilateral","Yes","Yes",202101,"Disbursements",581.605537800001,"Yes"
"499","The Global Fund to Fight AIDS, Tuberculosis and Malaria","47045","Multilateral","Yes","Yes",202101,"Commitments",2011.32561878,"Yes"
"500","The Global Fund to Fight AIDS, Tuberculosis and Malaria","47045","Multilateral","Yes","Yes",202102,"Disbursements",227.70382206,"Yes"
"501","The Global Fund to Fight AIDS, Tuberculosis and Malaria","47045","Multilateral","Yes","Yes",202102,"Commitments",529.64571023,"Yes"
"502","The Global Fund to Fight AIDS, Tuberculosis and Malaria","47045","Multilateral","Yes","Yes",202103,"Disbursements",304.32139781,"Yes"
"503","The Global Fund to Fight AIDS, Tuberculosis and Malaria","47045","Multilateral","Yes","Yes",202103,"Commitments",524.68585387,"Yes"
"504","The Global Fund to Fight AIDS, Tuberculosis and Malaria","47045","Multilateral","Yes","Yes",202104,"Disbursements",352.61614856,"Yes"
"505","The Global Fund to Fight AIDS, Tuberculosis and Malaria","47045","Multilateral","Yes","Yes",202104,"Commitments",195.36085271,"Yes"
"506","The Global Fund to Fight AIDS, Tuberculosis and Malaria","47045","Multilateral","Yes","Yes",202105,"Disbursements",187.64552037,"Yes"
"507","The Global Fund to Fight AIDS, Tuberculosis and Malaria","47045","Multilateral","Yes","Yes",202105,"Commitments",268.97022714,"Yes"
"508","The Global Fund to Fight AIDS, Tuberculosis and Malaria","47045","Multilateral","Yes","Yes",202106,"Disbursements",485.78863512,"Yes"
"509","The Global Fund to Fight AIDS, Tuberculosis and Malaria","47045","Multilateral","Yes","Yes",202106,"Commitments",301.45234993,"Yes"
"510","The Global Fund to Fight AIDS, Tuberculosis and Malaria","47045","Multilateral","Yes","Yes",202107,"Disbursements",542.205701810001,"Yes"
"511","The Global Fund to Fight AIDS, Tuberculosis and Malaria","47045","Multilateral","Yes","Yes",202107,"Commitments",573.38383224,"Yes"
"512","The Global Fund to Fight AIDS, Tuberculosis and Malaria","47045","Multilateral","Yes","Yes",202108,"Disbursements",396.62039265,"Yes"
"513","The Global Fund to Fight AIDS, Tuberculosis and Malaria","47045","Multilateral","Yes","Yes",202108,"Commitments",619.6581511,"Yes"
"514","The Global Fund to Fight AIDS, Tuberculosis and Malaria","47045","Multilateral","Yes","Yes",202109,"Disbursements",375.5957141,"Yes"
"515","The Global Fund to Fight AIDS, Tuberculosis and Malaria","47045","Multilateral","Yes","Yes",202109,"Commitments",432.90892402,"Yes"
"516","The Global Fund to Fight AIDS, Tuberculosis and Malaria","47045","Multilateral","Yes","Yes",202110,"Disbursements",655.233363599999,"Yes"
"517","The Global Fund to Fight AIDS, Tuberculosis and Malaria","47045","Multilateral","Yes","Yes",202110,"Commitments",239.94516691,"Yes"
"518","The Global Fund to Fight AIDS, Tuberculosis and Malaria","47045","Multilateral","Yes","Yes",202111,"Disbursements",409.09394047,"Yes"
"519","The Global Fund to Fight AIDS, Tuberculosis and Malaria","47045","Multilateral","Yes","Yes",202111,"Commitments",372.32811153,"Yes"
"520","The Global Fund to Fight AIDS, Tuberculosis and Malaria","47045","Multilateral","Yes","Yes",202112,"Disbursements",679.17562237,"Yes"
"521","The Global Fund to Fight AIDS, Tuberculosis and Malaria","47045","Multilateral","Yes","Yes",202112,"Commitments",746.63307792,"Yes"
"522","The Global Fund to Fight AIDS, Tuberculosis and Malaria","47045","Multilateral","Yes","Yes",202201,"Disbursements",284.02574889,"Yes"
"523","The Global Fund to Fight AIDS, Tuberculosis and Malaria","47045","Multilateral","Yes","Yes",202201,"Commitments",205.98804707,"Yes"
"524","UK - Department for Business, Energy and Industrial Strategy","GB-GOV-13","Bilateral","Yes","Yes",202101,"Disbursements",12.2555449,"Yes"
"525","UK - Department for Business, Energy and Industrial Strategy","GB-GOV-13","Bilateral","Yes","Yes",202102,"Disbursements",6.225209255,"Yes"
"526","UK - Department for Business, Energy and Industrial Strategy","GB-GOV-13","Bilateral","Yes","Yes",202102,"Commitments",192.112,"Yes"
"527","UK - Department for Business, Energy and Industrial Strategy","GB-GOV-13","Bilateral","Yes","Yes",202103,"Disbursements",24.7138231922,"Yes"
"528","UK - Department for Business, Energy and Industrial Strategy","GB-GOV-13","Bilateral","Yes","Yes",202104,"Disbursements",1.3236336695,"Yes"
"529","UK - Department for Business, Energy and Industrial Strategy","GB-GOV-13","Bilateral","Yes","Yes",202106,"Disbursements",2.7852073571,"Yes"
"530","UK - Department for Business, Energy and Industrial Strategy","GB-GOV-13","Bilateral","Yes","Yes",202106,"Commitments",24.014,"Yes"
"531","UK - Department for Business, Energy and Industrial Strategy","GB-GOV-13","Bilateral","Yes","Yes",202110,"Disbursements",7.0777110578,"Yes"
"532","UK - Department for Business, Energy and Industrial Strategy","GB-GOV-13","Bilateral","Yes","Yes",202111,"Disbursements",4.5155505355,"Yes"
"533","UK - Department of Health and Social Care (DHSC)","GB-GOV-10","Bilateral","No","Yes",202101,"Disbursements",7.5894854188,"No"
"534","UK - Department of Health and Social Care (DHSC)","GB-GOV-10","Bilateral","No","Yes",202102,"Disbursements",9.612354189647,"No"
"535","UK - Department of Health and Social Care (DHSC)","GB-GOV-10","Bilateral","No","Yes",202103,"Disbursements",42.031626574745,"No"
"536","UK - Department of Health and Social Care (DHSC)","GB-GOV-10","Bilateral","No","Yes",202103,"Commitments",1.2007,"No"
"537","UK - Department of Health and Social Care (DHSC)","GB-GOV-10","Bilateral","No","Yes",202104,"Disbursements",3.077590606562,"No"
"538","UK - Department of Health and Social Care (DHSC)","GB-GOV-10","Bilateral","No","Yes",202104,"Commitments",0.3746184,"No"
"539","UK - Department of Health and Social Care (DHSC)","GB-GOV-10","Bilateral","No","Yes",202105,"Disbursements",4.708318706043,"No"
"540","UK - Department of Health and Social Care (DHSC)","GB-GOV-10","Bilateral","No","Yes",202106,"Disbursements",27.915854130636,"No"
"541","UK - Department of Health and Social Care (DHSC)","GB-GOV-10","Bilateral","No","Yes",202107,"Disbursements",0.984728854279,"No"
"542","UK - Department of Health and Social Care (DHSC)","GB-GOV-10","Bilateral","No","Yes",202108,"Disbursements",0.56927744491,"No"
"543","UK - Department of Health and Social Care (DHSC)","GB-GOV-10","Bilateral","No","Yes",202109,"Disbursements",0.061245281586,"No"
"544","UK - Department of Health and Social Care (DHSC)","GB-GOV-10","Bilateral","No","Yes",202111,"Disbursements",2.081737639,"No"
"545","UK - Foreign, Commonwealth and Development Office","GB-GOV-1","Bilateral","No","Yes",202103,"Disbursements",31.562736722585,"No"
"546","UK - Foreign, Commonwealth and Development Office","GB-GOV-1","Bilateral","No","Yes",202106,"Disbursements",24.254175804874,"No"
"547","UK - Foreign, Commonwealth and Development Office","GB-GOV-1","Bilateral","No","Yes",202109,"Disbursements",5.079896897622,"No"
"548","Unitaid","XM-DAC-30010","Multilateral","Yes","Yes",202101,"Disbursements",13.042348,"Yes"
"549","Unitaid","XM-DAC-30010","Multilateral","Yes","Yes",202101,"Commitments",1.597251,"Yes"
"550","Unitaid","XM-DAC-30010","Multilateral","Yes","Yes",202102,"Disbursements",0.74303,"Yes"
"551","Unitaid","XM-DAC-30010","Multilateral","Yes","Yes",202103,"Disbursements",11.724735,"Yes"
"552","Unitaid","XM-DAC-30010","Multilateral","Yes","Yes",202104,"Disbursements",0.977411,"Yes"
"553","Unitaid","XM-DAC-30010","Multilateral","Yes","Yes",202105,"Disbursements",32.097868,"Yes"
"554","Unitaid","XM-DAC-30010","Multilateral","Yes","Yes",202105,"Commitments",39.949031,"Yes"
"555","Unitaid","XM-DAC-30010","Multilateral","Yes","Yes",202106,"Disbursements",100.208695,"Yes"
"556","Unitaid","XM-DAC-30010","Multilateral","Yes","Yes",202106,"Commitments",5,"Yes"
"557","Unitaid","XM-DAC-30010","Multilateral","Yes","Yes",202107,"Disbursements",40.338939,"Yes"
"558","Unitaid","XM-DAC-30010","Multilateral","Yes","Yes",202108,"Disbursements",14.276466,"Yes"
"559","Unitaid","XM-DAC-30010","Multilateral","Yes","Yes",202108,"Commitments",35.485084,"Yes"
"560","Unitaid","XM-DAC-30010","Multilateral","Yes","Yes",202109,"Disbursements",30.576571,"Yes"
"561","Unitaid","XM-DAC-30010","Multilateral","Yes","Yes",202110,"Disbursements",8.024127,"Yes"
"562","Unitaid","XM-DAC-30010","Multilateral","Yes","Yes",202111,"Disbursements",8.290337,"Yes"
"563","Unitaid","XM-DAC-30010","Multilateral","Yes","Yes",202112,"Disbursements",39.13595,"Yes"
"564","United Nations Development Programme","XM-DAC-41114","Multilateral","No","Yes",202101,"Disbursements",7.944486,"No"
"565","United Nations Development Programme","XM-DAC-41114","Multilateral","No","Yes",202102,"Disbursements",45.165524,"No"
"566","United Nations Development Programme","XM-DAC-41114","Multilateral","No","Yes",202103,"Disbursements",102.114668,"No"
"567","United Nations Development Programme","XM-DAC-41114","Multilateral","No","Yes",202104,"Disbursements",62.064255,"No"
"568","United Nations Development Programme","XM-DAC-41114","Multilateral","No","Yes",202105,"Disbursements",61.762806,"No"
"569","United Nations Development Programme","XM-DAC-41114","Multilateral","No","Yes",202106,"Disbursements",149.185849,"No"
"570","United Nations Development Programme","XM-DAC-41114","Multilateral","No","Yes",202107,"Disbursements",61.457038,"No"
"571","United Nations Development Programme","XM-DAC-41114","Multilateral","No","Yes",202108,"Disbursements",64.335777,"No"
"572","United Nations Development Programme","XM-DAC-41114","Multilateral","No","Yes",202109,"Disbursements",114.096391,"No"
"573","United Nations Development Programme","XM-DAC-41114","Multilateral","No","Yes",202110,"Disbursements",47.966749,"No"
"574","United Nations Development Programme","XM-DAC-41114","Multilateral","No","Yes",202111,"Disbursements",62.646922,"No"
"575","United Nations Development Programme","XM-DAC-41114","Multilateral","No","Yes",202112,"Disbursements",76.432789,"No"
"576","United Nations Development Programme","XM-DAC-41114","Multilateral","No","Yes",202112,"Commitments",45582.8511580002,"No"
"577","United Nations Office for the Coordination of Humanitarian Affairs","XM-DAC-41127","Multilateral","Yes","Yes",202101,"Commitments",268.09554233,"Yes"
"578","United Nations Office for the Coordination of Humanitarian Affairs","XM-DAC-41127","Multilateral","Yes","Yes",202201,"Commitments",300.180317,"Yes"
"579","United Nations Population Fund","41119","Multilateral","Yes","No",202112,"Commitments",144.46440906,"Yes"
"580","UNOCHA - Central Emergency Response Fund (CERF)","XM-OCHA-CERF","Multilateral","No","Yes",202101,"Disbursements",97.872439,"No"
"581","UNOCHA - Central Emergency Response Fund (CERF)","XM-OCHA-CERF","Multilateral","No","Yes",202102,"Disbursements",27.984708,"No"
"582","UNOCHA - Central Emergency Response Fund (CERF)","XM-OCHA-CERF","Multilateral","No","Yes",202103,"Disbursements",6.000001,"No"
"583","UNOCHA - Central Emergency Response Fund (CERF)","XM-OCHA-CERF","Multilateral","No","Yes",202104,"Disbursements",76.50514,"No"
"584","UNOCHA - Central Emergency Response Fund (CERF)","XM-OCHA-CERF","Multilateral","No","Yes",202105,"Disbursements",52.891545,"No"
"585","UNOCHA - Central Emergency Response Fund (CERF)","XM-OCHA-CERF","Multilateral","No","Yes",202106,"Disbursements",39.006854,"No"
"586","UNOCHA - Central Emergency Response Fund (CERF)","XM-OCHA-CERF","Multilateral","No","Yes",202107,"Disbursements",6.283454,"No"
"587","UNOCHA - Central Emergency Response Fund (CERF)","XM-OCHA-CERF","Multilateral","No","Yes",202108,"Disbursements",17.611829,"No"
"588","UNOCHA - Central Emergency Response Fund (CERF)","XM-OCHA-CERF","Multilateral","No","Yes",202109,"Disbursements",73.363033,"No"
"589","UNOCHA - Central Emergency Response Fund (CERF)","XM-OCHA-CERF","Multilateral","No","Yes",202110,"Disbursements",158.875949,"No"
"590","UNOCHA - Central Emergency Response Fund (CERF)","XM-OCHA-CERF","Multilateral","No","Yes",202111,"Disbursements",5.432682,"No"
"591","UNOCHA - Central Emergency Response Fund (CERF)","XM-OCHA-CERF","Multilateral","No","Yes",202112,"Disbursements",43.647023,"No"
"592","UNOCHA - Central Emergency Response Fund (CERF)","XM-OCHA-CERF","Multilateral","No","Yes",202201,"Disbursements",7.018024,"No"
"593","U.S. Agency for International Development","US-GOV-1","Bilateral","Yes","Yes",202101,"Disbursements",290.20768372,"Yes"
"594","U.S. Agency for International Development","US-GOV-1","Bilateral","Yes","Yes",202101,"Commitments",423.45643961,"Yes"
"595","U.S. Agency for International Development","US-GOV-1","Bilateral","Yes","Yes",202102,"Disbursements",1277.28531289,"Yes"
"596","U.S. Agency for International Development","US-GOV-1","Bilateral","Yes","Yes",202102,"Commitments",322.43696349,"Yes"
"597","U.S. Agency for International Development","US-GOV-1","Bilateral","Yes","Yes",202103,"Disbursements",5655.17193349,"Yes"
"598","U.S. Agency for International Development","US-GOV-1","Bilateral","Yes","Yes",202103,"Commitments",5548.42041977998,"Yes"
"599","U.S. Agency for International Development","US-GOV-1","Bilateral","Yes","Yes",202104,"Disbursements",506.81917815,"Yes"
"600","U.S. Agency for International Development","US-GOV-1","Bilateral","Yes","Yes",202104,"Commitments",277.95574515,"Yes"
"601","U.S. Agency for International Development","US-GOV-1","Bilateral","Yes","Yes",202105,"Disbursements",945.58968395,"Yes"
"602","U.S. Agency for International Development","US-GOV-1","Bilateral","Yes","Yes",202105,"Commitments",389.373928050001,"Yes"
"603","U.S. Agency for International Development","US-GOV-1","Bilateral","Yes","Yes",202106,"Disbursements",3812.26532051999,"Yes"
"604","U.S. Agency for International Development","US-GOV-1","Bilateral","Yes","Yes",202106,"Commitments",4530.23303523004,"Yes"
"605","U.S. Agency for International Development","US-GOV-1","Bilateral","Yes","Yes",202107,"Disbursements",2406.52639615999,"Yes"
"606","U.S. Agency for International Development","US-GOV-1","Bilateral","Yes","Yes",202107,"Commitments",5679.10484841,"Yes"
"607","U.S. Agency for International Development","US-GOV-1","Bilateral","Yes","Yes",202108,"Disbursements",590.041321749999,"Yes"
"608","U.S. Agency for International Development","US-GOV-1","Bilateral","Yes","Yes",202108,"Commitments",181.20246386,"Yes"
"609","U.S. Agency for International Development","US-GOV-1","Bilateral","Yes","Yes",202109,"Disbursements",6673.63579228995,"Yes"
"610","U.S. Agency for International Development","US-GOV-1","Bilateral","Yes","Yes",202109,"Commitments",11283.72749759,"Yes"
"611","U.S. Agency for International Development","US-GOV-1","Bilateral","Yes","Yes",202110,"Disbursements",300.63591966,"Yes"
"612","U.S. Agency for International Development","US-GOV-1","Bilateral","Yes","Yes",202110,"Commitments",776.88794341,"Yes"
"613","U.S. Agency for International Development","US-GOV-1","Bilateral","Yes","Yes",202111,"Disbursements",1136.86483201,"Yes"
"614","U.S. Agency for International Development","US-GOV-1","Bilateral","Yes","Yes",202111,"Commitments",364.89771503,"Yes"
"615","World Bank","44000","IFI","Yes","Yes",202101,"Disbursements",0.014294,"Yes"
"616","World Bank","44000","IFI","Yes","Yes",202101,"Commitments",0.011451,"Yes"
"617","World Bank","44000","IFI","Yes","Yes",202103,"Disbursements",10022.633592,"Yes"
"618","World Bank","44000","IFI","Yes","Yes",202103,"Commitments",14119.468482,"Yes"
"619","World Bank","44000","IFI","Yes","Yes",202106,"Disbursements",13078.838221,"Yes"
"620","World Bank","44000","IFI","Yes","Yes",202106,"Commitments",26525.400915,"Yes"
"621","World Bank","44000","IFI","Yes","Yes",202109,"Disbursements",9656.80583100002,"Yes"
"622","World Bank","44000","IFI","Yes","Yes",202109,"Commitments",524.364998,"Yes"
"623","World Bank","44000","IFI","Yes","Yes",202111,"Disbursements",7572.15322400001,"Yes"
"624","World Bank","44000","IFI","Yes","Yes",202111,"Commitments",-639.243841,"Yes"
"625","World Food Programme","XM-DAC-41140","Multilateral","Yes","Yes",202101,"Commitments",492.423937,"Yes"
"626","World Food Programme","XM-DAC-41140","Multilateral","Yes","Yes",202102,"Commitments",518.38052,"Yes"
"627","World Food Programme","XM-DAC-41140","Multilateral","Yes","Yes",202103,"Commitments",701.092505999999,"Yes"
"628","World Food Programme","XM-DAC-41140","Multilateral","Yes","Yes",202104,"Commitments",753.976938999999,"Yes"
"629","World Food Programme","XM-DAC-41140","Multilateral","Yes","Yes",202105,"Commitments",667.748233,"Yes"
"630","World Food Programme","XM-DAC-41140","Multilateral","Yes","Yes",202106,"Commitments",847.712575,"Yes"
"631","World Food Programme","XM-DAC-41140","Multilateral","Yes","Yes",202107,"Commitments",631.822045,"Yes"
"632","World Food Programme","XM-DAC-41140","Multilateral","Yes","Yes",202108,"Commitments",740.194508,"Yes"
"633","World Food Programme","XM-DAC-41140","Multilateral","Yes","Yes",202109,"Commitments",789.328206999999,"Yes"
"634","World Food Programme","XM-DAC-41140","Multilateral","Yes","Yes",202110,"Commitments",698.714847,"Yes"
"635","World Food Programme","XM-DAC-41140","Multilateral","Yes","Yes",202111,"Commitments",754.848096999999,"Yes"
"636","World Food Programme","XM-DAC-41140","Multilateral","Yes","Yes",202112,"Commitments",1655.718743,"Yes"
"637","World Food Programme","XM-DAC-41140","Multilateral","Yes","Yes",202201,"Commitments",NA,"Yes"
